"","ID","Description","GeneRatio","BgRatio","pvalue","p.adjust","qvalue","geneID","Count"
"hsa04512","hsa04512","ECM-receptor interaction","4/14","89/8779",9.14304363989577e-06,0.000374864789235727,0.000298351950354494,"3339/7057/255743/3675",4
"hsa04820","hsa04820","Cytoskeleton in muscle cells","5/14","232/8779",2.03388192357258e-05,0.000416945794332379,0.000331843892793421,"3339/8572/7057/4703/3675",5
