"","ID","Description","GeneRatio","BgRatio","pvalue","p.adjust","qvalue","geneID","Count"
"GO:2000772","GO:2000772","regulation of cellular senescence","1/1","55/18614",0.00295476523047178,0.0116041689051247,NA,"26156",1
"GO:0090398","GO:0090398","cellular senescence","1/1","108/18614",0.00580208445256236,0.0116041689051247,NA,"26156",1
"GO:0001649","GO:0001649","osteoblast differentiation","1/1","250/18614",0.0134307510475985,0.0179076680634647,NA,"26156",1
"GO:0001503","GO:0001503","ossification","1/1","429/18614",0.0230471687976792,0.0230471687976792,NA,"26156",1
