"","ID","Description","GeneRatio","BgRatio","RichFactor","FoldEnrichment","zScore","pvalue","p.adjust","qvalue","geneID","Count","name"
"R-HSA-114608","R-HSA-114608","Platelet degranulation","4/33","104/10173",0.0384615384615385,11.8566433566434,6.34834088359987,0.000335792027898399,0.0170452235442509,0.0116198015138753,"A1BG/ORM2/AHSG/SPP2",4,"Downres_DEq_MS_CM_vs_B1"
"R-HSA-76005","R-HSA-76005","Response to elevated platelet cytosolic Ca2+","4/33","109/10173",0.036697247706422,11.3127606338616,6.17510065017152,0.000401667883761271,0.0170452235442509,0.0116198015138753,"A1BG/ORM2/AHSG/SPP2",4,"Downres_DEq_MS_CM_vs_B1"
"R-HSA-166658","R-HSA-166658","Complement cascade","3/33","48/10173",0.0625,19.2670454545455,7.23656688319922,0.000487006386978597,0.0170452235442509,0.0116198015138753,"CRP/CFHR2/CFHR3",3,"Downres_DEq_MS_CM_vs_B1"
