"","ID","Description","GeneRatio","BgRatio","RichFactor","FoldEnrichment","zScore","pvalue","p.adjust","qvalue","geneID","Count","name"
"R-HSA-5661231","R-HSA-5661231","Metallothioneins bind metals","3/45","11/10173",0.272727272727273,61.6545454545454,13.4158343135813,1.30204331720952e-05,0.00234367797097714,0.00222032649882045,"MT1F/MT1G/MT1H",3,"Upres_DEq_MS_BT_vs_BM2"
"R-HSA-5660526","R-HSA-5660526","Response to metal ions","3/45","14/10173",0.214285714285714,48.4428571428571,11.8401433252227,2.84580962724254e-05,0.00256122866451829,0.00242642715585943,"MT1F/MT1G/MT1H",3,"Upres_DEq_MS_BT_vs_BM2"
