"","ID","Description","GeneRatio","BgRatio","RichFactor","FoldEnrichment","zScore","pvalue","p.adjust","qvalue","geneID","Count","name"
"R-HSA-9818564","R-HSA-9818564","Epigenetic regulation of gene expression by MLL3 and MLL4 complexes","3/19","127/10173",0.0236220472440945,12.647741400746,5.71358102146618,0.00159079944591831,0.0397699861479577,0.0273505869649113,"PDK4/THRSP/PLIN2",3,"Upres_DEq_MS_B1_vs_C"
"R-HSA-9841922","R-HSA-9841922","MLL4 and MLL3 complexes regulate expression of PPARG target genes in adipogenesis and hepatic steatosis","3/19","127/10173",0.0236220472440945,12.647741400746,5.71358102146618,0.00159079944591831,0.0397699861479577,0.0273505869649113,"PDK4/THRSP/PLIN2",3,"Upres_DEq_MS_B1_vs_C"
"R-HSA-9851695","R-HSA-9851695","Epigenetic regulation of adipogenesis genes by MLL3 and MLL4 complexes","3/19","127/10173",0.0236220472440945,12.647741400746,5.71358102146618,0.00159079944591831,0.0397699861479577,0.0273505869649113,"PDK4/THRSP/PLIN2",3,"Upres_DEq_MS_B1_vs_C"
"R-HSA-9917777","R-HSA-9917777","Epigenetic regulation by WDR5-containing histone modifying complexes","3/19","151/10173",0.0198675496688742,10.6375043569188,5.16104039814732,0.00260906219522625,0.0489199161604922,0.033643170412128,"PDK4/THRSP/PLIN2",3,"Upres_DEq_MS_B1_vs_C"
