"","ID","Description","GeneRatio","BgRatio","RichFactor","FoldEnrichment","zScore","pvalue","p.adjust","qvalue","geneID","Count","name"
"R-HSA-5661231","R-HSA-5661231","Metallothioneins bind metals","2/18","11/10173",0.181818181818182,102.757575757576,14.2158542988707,0.000161112183554868,0.0125579041775323,0.00967232670926747,"MT2A/MT1G",2,"Downres_DEq_MS_DM_vs_B1"
"R-HSA-5660526","R-HSA-5660526","Response to metal ions","2/18","14/10173",0.142857142857143,80.7380952380952,12.5690906736189,0.000265730119542791,0.0125579041775323,0.00967232670926747,"MT2A/MT1G",2,"Downres_DEq_MS_DM_vs_B1"
"R-HSA-1614558","R-HSA-1614558","Degradation of cysteine and homocysteine","2/18","15/10173",0.133333333333333,75.3555555555556,12.1326148899997,0.00030629034579347,0.0125579041775323,0.00967232670926747,"FMO1/CDO1",2,"Downres_DEq_MS_DM_vs_B1"
"R-HSA-1614635","R-HSA-1614635","Sulfur amino acid metabolism","2/18","28/10173",0.0714285714285714,40.3690476190476,8.78228169742913,0.00108772291418026,0.0267579836888345,0.0206094867949944,"FMO1/CDO1",2,"Downres_DEq_MS_DM_vs_B1"
"R-HSA-8964043","R-HSA-8964043","Plasma lipoprotein clearance","2/18","28/10173",0.0714285714285714,40.3690476190476,8.78228169742913,0.00108772291418026,0.0267579836888345,0.0206094867949944,"VLDLR/APOC1",2,"Downres_DEq_MS_DM_vs_B1"
