"","ID","Description","GeneRatio","BgRatio","RichFactor","FoldEnrichment","zScore","pvalue","p.adjust","qvalue","geneID","Count","name"
"R-HSA-5368286","R-HSA-5368286","Mitochondrial translation initiation","5/25","85/10173",0.0588235294117647,23.9364705882353,10.5394140710813,1.68468196121439e-06,8.57482619057738e-05,7.56602310933298e-05,"MRPL1/MRPL11/CHCHD1/MRPS21/MRPS33",5,"Downres_DEq_MS_B1_vs_BT"
"R-HSA-5389840","R-HSA-5389840","Mitochondrial translation elongation","5/25","85/10173",0.0588235294117647,23.9364705882353,10.5394140710813,1.68468196121439e-06,8.57482619057738e-05,7.56602310933298e-05,"MRPL1/MRPL11/CHCHD1/MRPS21/MRPS33",5,"Downres_DEq_MS_B1_vs_BT"
"R-HSA-9937383","R-HSA-9937383","Mitochondrial ribosome-associated quality control","5/25","87/10173",0.0574712643678161,23.3862068965517,10.4079119257767,1.89150577733325e-06,8.57482619057738e-05,7.56602310933298e-05,"MRPL1/MRPL11/CHCHD1/MRPS21/MRPS33",5,"Downres_DEq_MS_B1_vs_BT"
"R-HSA-5419276","R-HSA-5419276","Mitochondrial translation termination","5/25","99/10173",0.0505050505050505,20.5515151515152,9.70241828379013,3.58975547069351e-06,0.000122051686003579,0.000107692664120805,"MRPL1/MRPL11/CHCHD1/MRPS21/MRPS33",5,"Downres_DEq_MS_B1_vs_BT"
"R-HSA-5368287","R-HSA-5368287","Mitochondrial translation","5/25","110/10173",0.0454545454545455,18.4963636363636,9.15721378437553,6.03259962554506e-06,0.000164086709814826,0.000144782391013081,"MRPL1/MRPL11/CHCHD1/MRPS21/MRPS33",5,"Downres_DEq_MS_B1_vs_BT"
"R-HSA-72766","R-HSA-72766","Translation","6/25","348/10173",0.0172413793103448,7.01586206896552,5.66766488404627,0.00015654131483242,0.0035482698028682,0.00313082629664841,"MRPL1/MRPL11/RPS20/CHCHD1/MRPS21/MRPS33",6,"Downres_DEq_MS_B1_vs_BT"
