"ID","Description","GeneRatio","BgRatio","RichFactor","FoldEnrichment","zScore","pvalue","p.adjust","qvalue","geneID","Count","name"
"GO:0008429","phosphatidylethanolamine binding","1/6","17/18662",0.0588235294117647,182.960784313725,13.4603044197374,0.00545394900899587,0.0332671582750497,0.00875451533553941,"57488",1,"Down_D3B_vs_res_limma_deqMS_MS_D3BM"
"GO:0031210","phosphatidylcholine binding","1/6","30/18662",0.0333333333333333,103.677777777778,10.0934855471082,0.00960787044179157,0.0332671582750497,0.00875451533553941,"57488",1,"Down_D3B_vs_res_limma_deqMS_MS_D3BM"
"GO:0050997","quaternary ammonium group binding","1/6","39/18662",0.0256410256410256,79.7521367521367,8.8288399333001,0.0124751843531437,0.0332671582750497,0.00875451533553941,"57488",1,"Down_D3B_vs_res_limma_deqMS_MS_D3BM"
"GO:0005544","calcium-dependent phospholipid binding","1/6","54/18662",0.0185185185185185,57.5987654320988,7.46943589721915,0.0172386673741353,0.0344773347482705,0.00907298282849224,"57488",1,"Down_D3B_vs_res_limma_deqMS_MS_D3BM"
"GO:0048306","calcium-dependent protein binding","1/6","82/18662",0.0121951219512195,37.9308943089431,6.01045999658683,0.0260792776879734,0.0417268443007574,0.0109807485001993,"55048",1,"Down_D3B_vs_res_limma_deqMS_MS_D3BM"
