"ID","Description","GeneRatio","BgRatio","RichFactor","FoldEnrichment","zScore","pvalue","p.adjust","qvalue","geneID","Count","name"
"GO:0005319","lipid transporter activity","10/194","184/18662",0.0543478260869565,5.22803675481847,5.90715780177576,2.33664703624191e-05,0.0122440304699076,0.0112650983431452,"23074/9600/4833/5826/5359/6580/8714/51499/374868/347",10,"Up_res_limma_deqMS_MS_D1B_vs_D1BM"
"GO:0035091","phosphatidylinositol binding","12/194","287/18662",0.0418118466898955,4.02212723158159,5.28808475420477,4.86313043002783e-05,0.0127414017266729,0.0117227038786987,"57488/285590/9743/3092/889/9600/5287/23263/8473/4430/10040/10254",12,"Up_res_limma_deqMS_MS_D1B_vs_D1BM"
"GO:0016717","oxidoreductase activity, acting on paired donors, with oxidation of a pair of donors resulting in the reduction of molecular oxygen to two molecules of water","3/194","11/18662",0.272727272727273,26.2352389878163,8.58047029258107,0.000171635733314372,0.0266195032738603,0.024491226394994,"387521/6319/3992",3,"Up_res_limma_deqMS_MS_D1B_vs_D1BM"
"GO:0045296","cadherin binding","12/194","334/18662",0.0359281437125748,3.45613926785604,4.64223447280646,0.000203202315067636,0.0266195032738603,0.024491226394994,"831/57488/57698/1192/3898/1654/56061/6712/4430/10298/301/7430",12,"Up_res_limma_deqMS_MS_D1B_vs_D1BM"
