"ID","Description","GeneRatio","BgRatio","RichFactor","FoldEnrichment","zScore","pvalue","p.adjust","qvalue","geneID","Count","name"
"GO:0005048","signal sequence binding","6/199","47/18662",0.127659574468085,11.9717737624292,7.81874613538382,1.01729338189918e-05,0.00479145182874512,0.00443325747480273,"100101267/3843/5191/3840/23633/6729",6,"Up_D1BM_vs_res_limma_deqMS_MS_D1C"
"GO:0042277","peptide binding","11/199","234/18662",0.047008547008547,4.40840956921359,5.44707634942676,4.42397688429641e-05,0.010418465562518,0.00963961278999323,"100101267/10857/3843/5191/3840/6892/23633/3949/1211/6729/7042",11,"Up_D1BM_vs_res_limma_deqMS_MS_D1C"
"GO:0008139","nuclear localization sequence binding","4/199","25/18662",0.16,15.0046231155779,7.27438508051468,0.000133138199948421,0.0209026973919021,0.0193400753609285,"100101267/3843/3840/23633",4,"Up_D1BM_vs_res_limma_deqMS_MS_D1C"
"GO:0032050","clathrin heavy chain binding","3/199","11/18662",0.272727272727273,25.5760621288259,8.46448300970758,0.000185025124323394,0.0217867083890796,0.0201580003868118,"10043/3949/1211",3,"Up_D1BM_vs_res_limma_deqMS_MS_D1C"
