"ID","Description","GeneRatio","BgRatio","RichFactor","FoldEnrichment","zScore","pvalue","p.adjust","qvalue","geneID","Count","name"
"GO:0008137","NADH dehydrogenase (ubiquinone) activity","6/265","41/18662",0.146341463414634,10.3057524160147,7.15910630508947,2.29550282829784e-05,0.012530744824096,0.0114331185830772,"4712/4710/4714/4701/4705/4723",6,"Up_D8C_vs_res_limma_deqMS_MS_D8B"
"GO:0009055","electron transfer activity","9/265","117/18662",0.0769230769230769,5.41712626995646,5.75222964074579,4.45141912046037e-05,0.012530744824096,0.0114331185830772,"3420/4712/4710/4714/4701/4705/1536/217/4723",9,"Up_D8C_vs_res_limma_deqMS_MS_D8B"
"GO:0016874","ligase activity","10/265","166/18662",0.0602409638554217,4.24232780177313,5.03603738126776,0.000134181968548504,0.0251814827642692,0.0229757195269017,"8634/11001/4677/10476/27304/7317/833/8833/3980/521",10,"Up_D8C_vs_res_limma_deqMS_MS_D8B"
