"ID","Description","GeneRatio","BgRatio","RichFactor","FoldEnrichment","zScore","pvalue","p.adjust","qvalue","geneID","Count","name"
"GO:0045296","cadherin binding","19/336","334/18662",0.0568862275449102,3.15955588822355,5.39241610617786,1.10167192732937e-05,0.00513252981034938,0.00439806823542306,"10528/10755/6712/6643/26156/6714/7430/6187/831/5110/5694/6772/1009/6138/7531/5901/7534/1982/5756",19,"Down_D1BM_vs_res_limma_deqMS_MS_D1CM"
"GO:0003735","structural constituent of ribosome","13/336","175/18662",0.0742857142857143,4.12595238095238,5.62563324663635,1.77798990759704e-05,0.00513252981034938,0.00439806823542306,"6183/6181/3921/6187/6129/6146/9801/6138/6201/6205/9349/64969/6142",13,"Down_D1BM_vs_res_limma_deqMS_MS_D1CM"
"GO:0000287","magnesium ion binding","15/336","233/18662",0.0643776824034335,3.57564377682403,5.35693192495778,2.25440548038772e-05,0.00513252981034938,0.00439806823542306,"390916/375449/5359/5414/3420/5636/246243/10079/2081/283927/1854/3155/5236/6197/5901",15,"Down_D1BM_vs_res_limma_deqMS_MS_D1CM"
"GO:0019903","protein phosphatase binding","11/336","150/18662",0.0733333333333333,4.07305555555556,5.11673145708738,8.8020786850653e-05,0.015029549354749,0.0128788309181482,"8546/5296/2029/6801/6647/3716/6774/6772/7531/2885/7534",11,"Down_D1BM_vs_res_limma_deqMS_MS_D1CM"
"GO:0019902","phosphatase binding","12/336","197/18662",0.0609137055837563,3.38324873096447,4.55335049554933,0.000247331217371872,0.0337854442929977,0.0289507698650023,"8546/5296/9368/2029/6801/6647/3716/6774/6772/7531/2885/7534",12,"Down_D1BM_vs_res_limma_deqMS_MS_D1CM"
