"","ID","Description","GeneRatio","BgRatio","pvalue","p.adjust","qvalue","geneID","Count","name"
"GO:0005604","GO:0005604","basement membrane","5/17","84/19518",7.77562223247833e-09,5.1319106734357e-07,3.84688678869981e-07,"375790/3911/3339/1280/80781",5,"Upres_DEq_MS_BFM_vs_CFM"
"GO:0062023","GO:0062023","collagen-containing extracellular matrix","7/17","415/19518",3.02295377281319e-08,9.97574745028354e-07,7.47783301695895e-07,"375790/3911/3339/1293/10875/1280/80781",7,"Upres_DEq_MS_BFM_vs_CFM"
"GO:0005788","GO:0005788","endoplasmic reticulum lumen","5/17","312/19518",5.34233990100445e-06,0.000117531477822098,8.81017457358628e-05,"1293/1280/80781/30001/10148",5,"Upres_DEq_MS_BFM_vs_CFM"
"GO:0005581","GO:0005581","collagen trimer","3/17","85/19518",5.1865199496783e-05,0.000855775791696919,0.000641490625354947,"1293/1280/80781",3,"Upres_DEq_MS_BFM_vs_CFM"
"GO:0043202","GO:0043202","lysosomal lumen","3/17","98/19518",7.93101883524476e-05,0.00104689448625231,0.000784753442645271,"375790/3339/2720",3,"Upres_DEq_MS_BFM_vs_CFM"
"GO:0005796","GO:0005796","Golgi lumen","3/17","106/19518",0.000100165394139523,0.00110181933553476,0.000825925179746947,"375790/3339/30001",3,"Upres_DEq_MS_BFM_vs_CFM"
"GO:0005775","GO:0005775","vacuolar lumen","3/17","176/19518",0.000446598856433786,0.00421078921780426,0.0031564129702839,"375790/3339/2720",3,"Upres_DEq_MS_BFM_vs_CFM"
"GO:1904813","GO:1904813","ficolin-1-rich granule lumen","2/17","124/19518",0.00511569423265175,0.0422044774193769,0.0316365301229779,"10875/2720",2,"Upres_DEq_MS_BFM_vs_CFM"
