"","ID","Description","GeneRatio","BgRatio","pvalue","p.adjust","qvalue","geneID","Count","name"
"hsa04979","hsa04979","Cholesterol metabolism","7/55","51/8779",2.39084436207229e-08,3.58626654310843e-06,3.32201532414255e-06,"348/4018/341/335/9388/344/336",7,"Upres_DEq_MS_CTRL.myr_vs_HBV.myr"
"hsa04610","hsa04610","Complement and coagulation cascades","8/55","86/8779",5.10050756221612e-08,3.82538067166209e-06,3.54351051690804e-06,"2266/2243/2244/730/727/732/5648/2162",8,"Upres_DEq_MS_CTRL.myr_vs_HBV.myr"
"hsa05171","hsa05171","Coronavirus disease - COVID-19","9/55","233/8779",1.22849839711515e-05,0.000614249198557574,0.000568988731295437,"2266/2243/2244/730/727/732/5648/2162/6209",9,"Upres_DEq_MS_CTRL.myr_vs_HBV.myr"
"hsa04512","hsa04512","ECM-receptor interaction","6/55","89/8779",1.78216643970106e-05,0.000668312414887899,0.000619068342211949,"7057/2335/1291/375790/3339/1311",6,"Upres_DEq_MS_CTRL.myr_vs_HBV.myr"
"hsa04820","hsa04820","Cytoskeleton in muscle cells","8/55","232/8779",8.78578659554733e-05,0.0026357359786642,0.00244152385392052,"7057/2335/1291/2192/375790/3339/4811/1311",8,"Upres_DEq_MS_CTRL.myr_vs_HBV.myr"
