"","ID","Description","GeneRatio","BgRatio","pvalue","p.adjust","qvalue","geneID","Count","name"
"hsa04979","hsa04979","Cholesterol metabolism","4/13","51/8779",6.95059136827515e-07,1.66814192838604e-05,1.17062591465687e-05,"345/335/344/341",4,"Upres_DEq_MS_CTRL_vs_CTRL.myr"
"hsa04142","hsa04142","Lysosome","4/13","132/8779",3.14336404330404e-05,0.000377203685196485,0.000264704340488761,"4758/5641/175/411",4,"Upres_DEq_MS_CTRL_vs_CTRL.myr"
"hsa00511","hsa00511","Other glycan degradation","2/13","18/8779",0.000305610345047801,0.00244488276038241,0.00171570720026836,"4758/175",2,"Upres_DEq_MS_CTRL_vs_CTRL.myr"
"hsa03320","hsa03320","PPAR signaling pathway","2/13","75/8779",0.00528525961674746,0.0317115577004848,0.0222537247020946,"345/335",2,"Upres_DEq_MS_CTRL_vs_CTRL.myr"
