"","ID","Description","GeneRatio","BgRatio","pvalue","p.adjust","qvalue","geneID","Count","name"
"GO:0031093","GO:0031093","platelet alpha granule lumen","3/26","67/19518",9.4995013277673e-05,0.00794032738574988,0.00521355524025266,"83706/197/87",3,"Upres_DEq_MS_CTRL.myr_vs_CTRL"
"GO:0030055","GO:0030055","cell-substrate junction","5/26","432/19518",0.000232525041701598,0.00794032738574988,0.00521355524025266,"6385/83706/3371/8754/87",5,"Upres_DEq_MS_CTRL.myr_vs_CTRL"
"GO:0031091","GO:0031091","platelet alpha granule","3/26","91/19518",0.00023585130848762,0.00794032738574988,0.00521355524025266,"83706/197/87",3,"Upres_DEq_MS_CTRL.myr_vs_CTRL"
"GO:0062023","GO:0062023","collagen-containing extracellular matrix","4/26","415/19518",0.00207853032929506,0.0446194202919552,0.0292967532922686,"2817/3371/10631/197",4,"Upres_DEq_MS_CTRL.myr_vs_CTRL"
"GO:0005925","GO:0005925","focal adhesion","4/26","422/19518",0.00220888219267105,0.0446194202919552,0.0292967532922686,"6385/3371/8754/87",4,"Upres_DEq_MS_CTRL.myr_vs_CTRL"
