"category","subcategory","ID","Description","GeneRatio","BgRatio","RichFactor","FoldEnrichment","zScore","pvalue","p.adjust","qvalue","geneID","Count","name"
"Organismal Systems","Digestive system","hsa04979","Cholesterol metabolism","3/31","51/9521",0.0588235294117647,18.0664136622391,6.9842307821129,0.000585573231623337,0.0110747305936135,0.00841938583140211,"336/345/344",3,"Up_res_DEq_MS_B2_vs_BT"
"Organismal Systems","Development and regeneration","hsa04382","Cornified envelope formation","5/31","217/9521",0.0230414746543779,7.0767058123978,5.17522746088859,0.000615262810756308,0.0110747305936135,0.00841938583140211,"23581/196374/6279/6280/6278",5,"Up_res_DEq_MS_B2_vs_BT"
"Organismal Systems","Immune system","hsa04657","IL-17 signaling pathway","3/31","95/9521",0.0315789473684211,9.69881154499151,4.86994685691472,0.00353321997087001,0.0423986396504401,0.032232883944779,"6279/6280/6278",3,"Up_res_DEq_MS_B2_vs_BT"
