"category","subcategory","ID","Description","GeneRatio","BgRatio","RichFactor","FoldEnrichment","zScore","pvalue","p.adjust","qvalue","geneID","Count","name"
"Organismal Systems","Immune system","hsa04610","Complement and coagulation cascades","3/11","88/9521",0.0340909090909091,29.5072314049587,9.13683996700082,0.000119331377970335,0.00513124925272439,0.00326591139708284,"713/10878/731",3,"Down_CM_vs_res_DEq_MS_BM1"
"Metabolism","Metabolism of cofactors and vitamins","hsa00830","Retinol metabolism","2/11","68/9521",0.0294117647058824,25.4572192513369,6.8833723440502,0.00265188373831943,0.0283892278883261,0.0180690312141121,"1548/1558",2,"Down_CM_vs_res_DEq_MS_BM1"
"Human Diseases","Cancer: overview","hsa05204","Chemical carcinogenesis - DNA adducts","2/11","71/9521",0.028169014084507,24.381562099872,6.72529518443766,0.00288739177872463,0.0283892278883261,0.0180690312141121,"1548/1558",2,"Down_CM_vs_res_DEq_MS_BM1"
"Metabolism","Xenobiotics biodegradation and metabolism","hsa00982","Drug metabolism - cytochrome P450","2/11","73/9521",0.0273972602739726,23.7135740971357,6.62523860965236,0.00304969958523147,0.0283892278883261,0.0180690312141121,"1548/1558",2,"Down_CM_vs_res_DEq_MS_BM1"
"Organismal Systems","Endocrine system","hsa03320","PPAR signaling pathway","2/11","76/9521",0.0263157894736842,22.7775119617225,6.48244191866386,0.00330107301027048,0.0283892278883261,0.0180690312141121,"123/1581",2,"Down_CM_vs_res_DEq_MS_BM1"
