"category","subcategory","ID","Description","GeneRatio","BgRatio","RichFactor","FoldEnrichment","zScore","pvalue","p.adjust","qvalue","geneID","Count","name"
"Human Diseases","Cardiovascular disease","hsa05417","Lipid and atherosclerosis","3/8","216/9521",0.0138888888888889,16.5295138888889,6.69470227017614,0.00059279755797628,0.0135542898102035,0.00815295627681411,"1549/1548/1536",3,"Down_C_vs_res_DEq_MS_BM1"
"Metabolism","Metabolism of cofactors and vitamins","hsa00830","Retinol metabolism","2/8","68/9521",0.0294117647058824,35.0036764705882,8.16018908397264,0.00136887816493896,0.0135542898102035,0.00815295627681411,"1549/1548",2,"Down_C_vs_res_DEq_MS_BM1"
"Human Diseases","Cancer: overview","hsa05204","Chemical carcinogenesis - DNA adducts","2/8","71/9521",0.028169014084507,33.5246478873239,7.97683470956617,0.00149138207062584,0.0135542898102035,0.00815295627681411,"1549/1548",2,"Down_C_vs_res_DEq_MS_BM1"
"Metabolism","Xenobiotics biodegradation and metabolism","hsa00982","Drug metabolism - cytochrome P450","2/8","73/9521",0.0273972602739726,32.6061643835616,7.86082271247839,0.00157587643433679,0.0135542898102035,0.00815295627681411,"1549/1548",2,"Down_C_vs_res_DEq_MS_BM1"
"Metabolism","Xenobiotics biodegradation and metabolism","hsa00980","Metabolism of xenobiotics by cytochrome P450","2/8","79/9521",0.0253164556962025,30.129746835443,7.53916029336249,0.00184285520651089,0.0135542898102035,0.00815295627681411,"1549/1548",2,"Down_C_vs_res_DEq_MS_BM1"
"Metabolism","Xenobiotics biodegradation and metabolism","hsa00983","Drug metabolism - other enzymes","2/8","81/9521",0.0246913580246914,29.3858024691358,7.43981965034532,0.00193632711574335,0.0135542898102035,0.00815295627681411,"1549/1548",2,"Down_C_vs_res_DEq_MS_BM1"
