"category","subcategory","ID","Description","GeneRatio","BgRatio","RichFactor","FoldEnrichment","zScore","pvalue","p.adjust","qvalue","geneID","Count","name"
"Human Diseases","Infectious disease: viral","hsa05171","Coronavirus disease - COVID-19","12/48","238/9521",0.0504201680672269,10.0010504201681,10.0099710620856,1.41836558247241e-09,1.44673289412185e-07,1.35864492636831e-07,"6143/6137/6132/6130/6124/6129/6141/6194/6128/6155/6187/11224",12,"Up_res_DEq_MS_BM1_vs_BT"
"Metabolism","Energy metabolism","hsa00190","Oxidative phosphorylation","5/48","138/9521",0.036231884057971,7.18674516908213,5.21106196172657,0.000617477572295361,0.0314913561870634,0.0295739258309884,"1337/4706/9377/4509/9296",5,"Up_res_DEq_MS_BM1_vs_BT"
