"category","subcategory","ID","Description","GeneRatio","BgRatio","RichFactor","FoldEnrichment","zScore","pvalue","p.adjust","qvalue","geneID","Count","name"
"Organismal Systems","Endocrine system","hsa03320","PPAR signaling pathway","4/17","76/9521",0.0526315789473684,29.4767801857585,10.5411117868344,8.2472707053862e-06,0.000420610805974696,0.000347253503384682,"6342/123/1581/336",4,"Down_C_vs_res_DEq_MS_B2"
"Metabolism","Lipid metabolism","hsa00120","Primary bile acid biosynthesis","2/17","17/9521",0.117647058823529,65.8892733564014,11.3248870389532,0.000401738679775284,0.00857907389878679,0.00708282674822439,"6342/1581",2,"Down_C_vs_res_DEq_MS_B2"
"Organismal Systems","Digestive system","hsa04976","Bile secretion","3/17","90/9521",0.0333333333333333,18.6686274509804,7.12254032870298,0.000504651405810988,0.00857907389878679,0.00708282674822439,"6580/5244/1581",3,"Down_C_vs_res_DEq_MS_B2"
"Organismal Systems","Digestive system","hsa04979","Cholesterol metabolism","2/17","51/9521",0.0392156862745098,21.9630911188005,6.34826637623037,0.00363430129678105,0.0385122750506866,0.0317954799180075,"1581/336",2,"Down_C_vs_res_DEq_MS_B2"
"Metabolism","Amino acid metabolism","hsa00270","Cysteine and methionine metabolism","2/17","52/9521",0.0384615384615385,21.5407239819005,6.28138020194656,0.00377571324026339,0.0385122750506866,0.0317954799180075,"6898/1036",2,"Down_C_vs_res_DEq_MS_B2"
