"","category","subcategory","ID","Description","GeneRatio","BgRatio","RichFactor","FoldEnrichment","zScore","pvalue","p.adjust","qvalue","geneID","Count","name"
"hsa04610","Organismal Systems","Immune system","hsa04610","Complement and coagulation cascades","5/16","88/9520",0.0568181818181818,33.8068181818182,12.685453353616,2.42616394960215e-07,1.79536132270559e-05,1.53231407343294e-05,"713/731/4153/3080/10878",5,"Downres_DEq_MS_BM2_vs_CM"
"hsa05150","Human Diseases","Infectious disease: bacterial","hsa05150","Staphylococcus aureus infection","3/16","102/9520",0.0294117647058824,17.5,6.87396201550559,0.000604273401527336,0.0223581158565114,0.0190823179429685,"3122/713/4153",3,"Downres_DEq_MS_BM2_vs_CM"
"hsa05322","Human Diseases","Immune disease","hsa05322","Systemic lupus erythematosus","3/16","144/9520",0.0208333333333333,12.3958333333333,5.65354660450761,0.00164274943185722,0.0405211526524781,0.0345841985654152,"3122/713/731",3,"Downres_DEq_MS_BM2_vs_CM"
