"","ID","Description","GeneRatio","BgRatio","pvalue","p.adjust","qvalue","geneID","Count","name"
"GO:0106068","GO:0106068","SUMO ligase complex","1/3","13/19518",0.00199692721641775,0.0199692721641775,0.00840811459544318,"54780",1,"Upres_DEq_MS_HBVM_vs_HBV"
"GO:0031528","GO:0031528","microvillus membrane","1/3","30/19518",0.00460427986400991,0.0230213993200495,0.00969322076633665,"1800",1,"Upres_DEq_MS_HBVM_vs_HBV"
"GO:0005902","GO:0005902","microvillus","1/3","94/19518",0.0143794630554709,0.0479315435182363,0.0201817025339942,"1800",1,"Upres_DEq_MS_HBVM_vs_HBV"
