"","ID","Description","GeneRatio","BgRatio","pvalue","p.adjust","qvalue","geneID","Count","name"
"GO:0071162","GO:0071162","CMG complex","2/5","11/19518",2.88498586214646e-06,4.50011661929568e-05,2.18629147496146e-05,"4175/4176",2,"Downres_DEq_MS_HBVM_vs_Null"
"GO:0031261","GO:0031261","DNA replication preinitiation complex","2/5","12/19518",3.46162816868898e-06,4.50011661929568e-05,2.18629147496146e-05,"4175/4176",2,"Downres_DEq_MS_HBVM_vs_Null"
"GO:0000781","GO:0000781","chromosome, telomeric region","3/5","169/19518",6.2967326800897e-06,5.45716832274441e-05,2.65125586530093e-05,"4175/4176/983",3,"Downres_DEq_MS_HBVM_vs_Null"
"GO:0098687","GO:0098687","chromosomal region","3/5","390/19518",7.68417720160567e-05,0.000499471518104368,0.000242658227419126,"4175/4176/983",3,"Downres_DEq_MS_HBVM_vs_Null"
"GO:0000228","GO:0000228","nuclear chromosome","2/5","223/19518",0.00127041396171181,0.00560338587010149,0.00272229273041368,"4175/4176",2,"Downres_DEq_MS_HBVM_vs_Null"
"GO:0032993","GO:0032993","protein-DNA complex","2/5","225/19518",0.0012930890469465,0.00560338587010149,0.00272229273041368,"4175/4176",2,"Downres_DEq_MS_HBVM_vs_Null"
"GO:0000307","GO:0000307","cyclin-dependent protein kinase holoenzyme complex","1/5","50/19518",0.0127445316057152,0.0473368316783708,0.0229976510178319,"983",1,"Downres_DEq_MS_HBVM_vs_Null"
