"","ID","Description","GeneRatio","BgRatio","pvalue","p.adjust","qvalue","geneID","Count"
"hsa05160","hsa05160","Hepatitis C","6/8","158/8779",8.40350733495882e-10,2.60508727383723e-08,2.12299132672644e-08,"4599/4939/4938/3434/4940/6772",6
"hsa05171","hsa05171","Coronavirus disease - COVID-19","6/8","233/8779",8.78429444728899e-09,1.36156563932979e-07,1.10959508807861e-07,"4599/9636/4939/4938/4940/6772",6
"hsa05162","hsa05162","Measles","5/8","138/8779",4.81366968547519e-08,4.9741253416577e-07,4.05361657724227e-07,"4599/4939/4938/4940/6772",5
"hsa05164","hsa05164","Influenza A","5/8","171/8779",1.41291912857674e-07,1.09501232464698e-06,8.92369975943206e-07,"4599/4939/4938/4940/6772",5
"hsa05169","hsa05169","Epstein-Barr virus infection","5/8","202/8779",3.2505416206035e-07,2.01533580477417e-06,1.6423789240944e-06,"9636/4939/4938/4940/6772",5
"hsa04621","hsa04621","NOD-like receptor signaling pathway","4/8","186/8779",1.27799460993794e-05,6.60297215134603e-05,5.3810299365808e-05,"4939/4938/4940/6772",4
"hsa05165","hsa05165","Human papillomavirus infection","3/8","331/8779",0.00258245237791878,0.0114365748164975,0.00932012888271441,"4599/9636/6772",3
