"","ID","Description","GeneRatio","BgRatio","pvalue","p.adjust","qvalue","geneID","Count"
"hsa04216","hsa04216","Ferroptosis","1/2","41/8779",0.00931919003153581,0.0342358967762891,0.00514825515432919,"7037",1
"hsa04610","hsa04610","Complement and coagulation cascades","1/2","86/8779",0.0194973500709078,0.0342358967762891,0.00514825515432919,"3818",1
"hsa04640","hsa04640","Hematopoietic cell lineage","1/2","99/8779",0.0224279230939861,0.0342358967762891,0.00514825515432919,"7037",1
"hsa04066","hsa04066","HIF-1 signaling pathway","1/2","108/8779",0.0244542119830636,0.0342358967762891,0.00514825515432919,"7037",1
"hsa04350","hsa04350","TGF-beta signaling pathway","1/2","108/8779",0.0244542119830636,0.0342358967762891,0.00514825515432919,"7037",1
"hsa04145","hsa04145","Phagosome","1/2","152/8779",0.0343302518948947,0.0400519605440438,0.00602285120963065,"7037",1
