"","ID","Description","GeneRatio","BgRatio","RichFactor","FoldEnrichment","zScore","pvalue","p.adjust","qvalue","geneID","Count","name"
"GO:0034361","GO:0034361","very-low-density lipoprotein particle","2/25","21/19944",0.0952380952380952,75.9771428571429,12.1784677346184,0.00031219366427446,0.0160779737101347,0.012816371480741,"7436/341",2,"Downres_DEq_MS_DM_vs_B1"
"GO:0034385","GO:0034385","triglyceride-rich plasma lipoprotein particle","2/25","21/19944",0.0952380952380952,75.9771428571429,12.1784677346184,0.00031219366427446,0.0160779737101347,0.012816371480741,"7436/341",2,"Downres_DEq_MS_DM_vs_B1"
"GO:0034358","GO:0034358","plasma lipoprotein particle","2/25","37/19944",0.0540540540540541,43.1221621621622,9.08531715973356,0.000978008165415504,0.0235412782111762,0.0187656586660373,"7436/341",2,"Downres_DEq_MS_DM_vs_B1"
"GO:1990777","GO:1990777","lipoprotein particle","2/25","37/19944",0.0540540540540541,43.1221621621622,9.08531715973356,0.000978008165415504,0.0235412782111762,0.0187656586660373,"7436/341",2,"Downres_DEq_MS_DM_vs_B1"
"GO:0032994","GO:0032994","protein-lipid complex","2/25","40/19944",0.05,39.888,8.721815699835,0.00114278049568817,0.0235412782111762,0.0187656586660373,"7436/341",2,"Downres_DEq_MS_DM_vs_B1"
