"","ID","Description","GeneRatio","BgRatio","RichFactor","FoldEnrichment","zScore","pvalue","p.adjust","qvalue","geneID","Count","name"
"GO:0005796","GO:0005796","Golgi lumen","8/291","109/19944",0.073394495412844,5.03017119076894,5.13390647482082,0.000198312346825681,0.0402845419641864,0.0375065389835052,"5627/2158/6382/1672/10082/6383/2817/5046",8,"Upres_DEq_MS_BD_vs_B1"
"GO:0005788","GO:0005788","endoplasmic reticulum lumen","14/291","319/19944",0.0438871473354232,3.00785314933911,4.39895750902721,0.000265904567420372,0.0402845419641864,0.0375065389835052,"80781/3827/2158/11167/2326/7018/116519/6694/590/23491/285362/10618/6383/197",14,"Upres_DEq_MS_BD_vs_B1"
