"","ID","Description","GeneRatio","BgRatio","RichFactor","FoldEnrichment","zScore","pvalue","p.adjust","qvalue","geneID","Count","name"
"GO:0031012","GO:0031012","extracellular matrix","9/31","496/19944",0.0181451612903226,11.6737773152966,9.4979361995216,4.1937922523453e-08,1.28004632931623e-06,8.53364219544153e-07,"3912/6275/7148/1293/7059/2822/22795/5118/713",9,"Downres_DEq_MS_CTRL_vs_HBV.myr"
"GO:0030312","GO:0030312","external encapsulating structure","9/31","497/19944",0.0181086519114688,11.6502888297527,9.48682780280988,4.26682109772076e-08,1.28004632931623e-06,8.53364219544153e-07,"3912/6275/7148/1293/7059/2822/22795/5118/713",9,"Downres_DEq_MS_CTRL_vs_HBV.myr"
"GO:0098637","GO:0098637","protein complex involved in cell-matrix adhesion","2/31","17/19944",0.117647058823529,75.6888045540797,12.1553299846478,0.000313403733676989,0.00478314520860151,0.00318876347240101,"3912/7148",2,"Downres_DEq_MS_CTRL_vs_HBV.myr"
"GO:0005581","GO:0005581","collagen trimer","3/31","86/19944",0.0348837209302326,22.4426106526632,7.8626125819705,0.000318876347240101,0.00478314520860151,0.00318876347240101,"10584/1293/713",3,"Downres_DEq_MS_CTRL_vs_HBV.myr"
"GO:0098636","GO:0098636","protein complex involved in cell adhesion","2/31","57/19944",0.0350877192982456,22.5738539898132,6.43558855661609,0.00353832369882457,0.0424598843858949,0.0283065895905966,"3912/7148",2,"Downres_DEq_MS_CTRL_vs_HBV.myr"
