"","ID","Description","GeneRatio","BgRatio","RichFactor","FoldEnrichment","zScore","pvalue","p.adjust","qvalue","geneID","Count","name"
"GO:0106068","GO:0106068","SUMO ligase complex","2/3","13/19944",0.153846153846154,1022.76923076923,45.2004082273611,1.17620592966088e-06,7.05723557796529e-06,NA,"286053/56160",2,"Downres_DEq_MS_BM1_vs_B2"
"GO:0000781","GO:0000781","chromosome, telomeric region","2/3","177/19944",0.0112994350282486,75.1186440677966,12.1485969257841,0.00023359106153568,0.00070077318460704,NA,"286053/56160",2,"Downres_DEq_MS_BM1_vs_B2"
"GO:0000793","GO:0000793","condensed chromosome","2/3","288/19944",0.00694444444444444,46.1666666666667,9.46998122268428,0.000617476723454818,0.00123495344690964,NA,"286053/56160",2,"Downres_DEq_MS_BM1_vs_B2"
"GO:0098687","GO:0098687","chromosomal region","2/3","413/19944",0.00484261501210654,32.1937046004843,7.85709756847586,0.00126577716136172,0.00189866574204258,NA,"286053/56160",2,"Downres_DEq_MS_BM1_vs_B2"
"GO:0016605","GO:0016605","PML body","1/3","109/19944",0.00917431192660551,60.9908256880734,7.70307969840396,0.016307276387961,0.0195687316655532,NA,"286053",1,"Downres_DEq_MS_BM1_vs_B2"
"GO:0005788","GO:0005788","endoplasmic reticulum lumen","1/3","319/19944",0.00313479623824451,20.8401253918495,4.38144461950283,0.0472232785119373,0.0472232785119373,NA,"5955",1,"Downres_DEq_MS_BM1_vs_B2"
