"","ID","Description","GeneRatio","BgRatio","RichFactor","FoldEnrichment","zScore","pvalue","p.adjust","qvalue","geneID","Count","name"
"GO:0098685","GO:0098685","Schaffer collateral - CA1 synapse","1/2","100/19944",0.01,99.72,9.91097598942538,0.0100031881878195,0.0481438435280626,NA,"9590",1,"Upres_DEq_MS_B1_vs_BM2"
"GO:0005788","GO:0005788","endoplasmic reticulum lumen","1/2","319/19944",0.00313479623824451,31.2601880877743,5.4561715718114,0.0317345268350944,0.0481438435280626,NA,"5955",1,"Upres_DEq_MS_B1_vs_BM2"
"GO:0005938","GO:0005938","cell cortex","1/2","324/19944",0.00308641975308642,30.7777777777778,5.41179297636839,0.0322278602319864,0.0481438435280626,NA,"9590",1,"Upres_DEq_MS_B1_vs_BM2"
"GO:0005925","GO:0005925","focal adhesion","1/2","423/19944",0.00236406619385343,23.5744680851064,4.69961807467968,0.0419699754408369,0.0481438435280626,NA,"9590",1,"Upres_DEq_MS_B1_vs_BM2"
"GO:0030055","GO:0030055","cell-substrate junction","1/2","433/19944",0.0023094688221709,23.0300230946882,4.64135751562552,0.042951287020395,0.0481438435280626,NA,"9590",1,"Upres_DEq_MS_B1_vs_BM2"
"GO:0043025","GO:0043025","neuronal cell body","1/2","486/19944",0.00205761316872428,20.5185185185185,4.36256361248989,0.0481438435280626,0.0481438435280626,NA,"9590",1,"Upres_DEq_MS_B1_vs_BM2"
