"","ID","Description","GeneRatio","BgRatio","RichFactor","FoldEnrichment","zScore","pvalue","p.adjust","qvalue","geneID","Count","name"
"GO:0005925","GO:0005925","focal adhesion","7/65","423/19944",0.016548463356974,5.07757774140753,4.84703391950184,0.00044328229405182,0.0351562584545816,0.0289616774454219,"7145/247/9590/1264/390/11135/157285",7,"Downres_DEq_MS_BM1_vs_BT"
"GO:0030055","GO:0030055","cell-substrate junction","7/65","433/19944",0.0161662817551963,4.96031266654823,4.76418167850395,0.000509510992095386,0.0351562584545816,0.0289616774454219,"7145/247/9590/1264/390/11135/157285",7,"Downres_DEq_MS_BM1_vs_BT"
"GO:0106068","GO:0106068","SUMO ligase complex","2/65","13/19944",0.153846153846154,47.2047337278107,9.52902046088419,0.000797121672938335,0.0366675969551634,0.0302067160271369,"286053/56160",2,"Downres_DEq_MS_BM1_vs_BT"
