"","ID","Description","GeneRatio","BgRatio","RichFactor","FoldEnrichment","zScore","pvalue","p.adjust","qvalue","geneID","Count","name"
"GO:0031464","GO:0031464","Cul4A-RING E3 ubiquitin ligase complex","1/4","14/19944",0.0714285714285714,356.142857142857,18.8267829646421,0.0028051176247661,0.028051176247661,0.00590551078898125,"1643",1,"Downres_DEq_MS_B2_vs_BM2"
"GO:0080008","GO:0080008","Cul4-RING E3 ubiquitin ligase complex","1/4","38/19944",0.0263157894736842,131.210526315789,11.3791168225337,0.00760015560036975,0.0380007780018488,0.0080001637898629,"1643",1,"Downres_DEq_MS_B2_vs_BM2"
"GO:0000307","GO:0000307","cyclin-dependent protein kinase holoenzyme complex","1/4","69/19944",0.0144927536231884,72.2608695652174,8.39817185564799,0.013768127559771,0.0450175814441608,0.00947738556719175,"1026",1,"Downres_DEq_MS_B2_vs_BM2"
"GO:1990204","GO:1990204","oxidoreductase complex","1/4","117/19944",0.00854700854700855,42.6153846153846,6.39412325612346,0.0232617548270927,0.0450175814441608,0.00947738556719175,"50484",1,"Downres_DEq_MS_B2_vs_BM2"
"GO:0090734","GO:0090734","site of DNA damage","1/4","135/19944",0.00740740740740741,36.9333333333333,5.93329275862941,0.0268041339470265,0.0450175814441608,0.00947738556719175,"1643",1,"Downres_DEq_MS_B2_vs_BM2"
"GO:1902554","GO:1902554","serine/threonine protein kinase complex","1/4","145/19944",0.00689655172413793,34.3862068965517,5.71468263704808,0.028767953968204,0.0450175814441608,0.00947738556719175,"1026",1,"Downres_DEq_MS_B2_vs_BM2"
"GO:1902911","GO:1902911","protein kinase complex","1/4","159/19944",0.00628930817610063,31.3584905660377,5.44343915224472,0.0315123070109126,0.0450175814441608,0.00947738556719175,"1026",1,"Downres_DEq_MS_B2_vs_BM2"
