"","ID","Description","GeneRatio","BgRatio","RichFactor","FoldEnrichment","zScore","pvalue","p.adjust","qvalue","geneID","Count","name"
"GO:0031012","GO:0031012","extracellular matrix","8/27","496/19944",0.0161290322580645,11.9139784946237,9.06257521535977,2.02563814288857e-07,1.02850196500886e-05,7.14538207269315e-06,"283/2822/6275/5649/7059/5118/1293/22795",8,"Upres_DEq_MS_BM2_vs_C"
"GO:0030312","GO:0030312","external encapsulating structure","8/27","497/19944",0.0160965794768612,11.8900067069081,9.05201363623363,2.05700393001773e-07,1.02850196500886e-05,7.14538207269315e-06,"283/2822/6275/5649/7059/5118/1293/22795",8,"Upres_DEq_MS_BM2_vs_C"
"GO:0030139","GO:0030139","endocytic vesicle","4/27","361/19944",0.0110803324099723,8.18467220683287,5.07208020809682,0.00133280096240785,0.0444266987469283,0.0308648643926028,"9332/283/284697/1536",4,"Upres_DEq_MS_BM2_vs_C"
