"","ID","Description","GeneRatio","BgRatio","RichFactor","FoldEnrichment","zScore","pvalue","p.adjust","qvalue","geneID","Count","name"
"GO:0022625","GO:0022625","cytosolic large ribosomal subunit","4/63","58/19944",0.0689655172413793,21.8325123152709,8.94392879813126,3.37477133634038e-05,0.00587210212523227,0.0045825842356622,"6124/6143/6129/6137",4,"Upres_DEq_MS_C_vs_DM"
"GO:0044391","GO:0044391","ribosomal subunit","5/63","185/19944",0.027027027027027,8.55598455598456,5.81220403822929,0.000295802770709826,0.0153662648071504,0.011991821900317,"6124/6143/65993/6129/6137",5,"Upres_DEq_MS_C_vs_DM"
"GO:0005925","GO:0005925","focal adhesion","7/63","423/19944",0.016548463356974,5.2387706855792,4.96027188418623,0.000365290833041058,0.0153662648071504,0.011991821900317,"3673/6124/23396/3371/6143/3675/6129",7,"Upres_DEq_MS_C_vs_DM"
"GO:0030055","GO:0030055","cell-substrate junction","7/63","433/19944",0.0161662817551963,5.11778290993072,4.87656522358088,0.000420228907777052,0.0153662648071504,0.011991821900317,"3673/6124/23396/3371/6143/3675/6129",7,"Upres_DEq_MS_C_vs_DM"
"GO:0015934","GO:0015934","large ribosomal subunit","4/63","114/19944",0.0350877192982456,11.1077694235589,6.09246161432965,0.000465114484719714,0.0153662648071504,0.011991821900317,"6124/6143/6129/6137",4,"Upres_DEq_MS_C_vs_DM"
"GO:0022626","GO:0022626","cytosolic ribosome","4/63","118/19944",0.0338983050847458,10.7312348668281,5.96812367087757,0.000529871200246566,0.0153662648071504,0.011991821900317,"6124/6143/6129/6137",4,"Upres_DEq_MS_C_vs_DM"
"GO:0098636","GO:0098636","protein complex involved in cell adhesion","3/63","57/19944",0.0526315789473684,16.6616541353383,6.66556283279425,0.000778287986831458,0.0193460156726677,0.0150976165866553,"3673/3371/3675",3,"Upres_DEq_MS_C_vs_DM"
"GO:0005840","GO:0005840","ribosome","5/63","243/19944",0.0205761316872428,6.51381540270429,4.86807914372444,0.0010188888337223,0.0221608321334601,0.0172942973092338,"6124/6143/65993/6129/6137",5,"Upres_DEq_MS_C_vs_DM"
"GO:0031093","GO:0031093","platelet alpha granule lumen","3/63","67/19944",0.0447761194029851,14.1748400852878,6.08070230020277,0.00124594982823866,0.0240883633459474,0.0187985412681622,"7057/5054/10916",3,"Upres_DEq_MS_C_vs_DM"
