"","ID","Description","GeneRatio","BgRatio","RichFactor","FoldEnrichment","zScore","pvalue","p.adjust","qvalue","geneID","Count","name"
"GO:0031012","GO:0031012","extracellular matrix","5/23","496/19944",0.0100806451612903,8.74123422159888,5.93221889800166,0.0002165014624971,0.0057911910446276,0.00437071022236046,"6275/5649/22795/1293/5118",5,"Upres_DEq_MS_BM1_vs_C"
"GO:0030312","GO:0030312","external encapsulating structure","5/23","497/19944",0.0100603621730382,8.72364622517715,5.9248567599367,0.000218535511118023,0.0057911910446276,0.00437071022236046,"6275/5649/22795/1293/5118",5,"Upres_DEq_MS_BM1_vs_C"
