"","ID","Description","GeneRatio","BgRatio","RichFactor","FoldEnrichment","zScore","pvalue","p.adjust","qvalue","geneID","Count","name"
"GO:0031012","GO:0031012","extracellular matrix","10/44","496/19944",0.0201612903225806,9.13856304985337,8.6307024120105,9.60644037851572e-08,4.3068328330761e-06,2.98799407079442e-06,"7059/283/4958/197/3912/2822/5118/7148/1293/6275",10,"Downres_DEq_MS_CTRL_vs_HBV"
"GO:0030312","GO:0030312","external encapsulating structure","10/44","497/19944",0.0201207243460765,9.12017559904884,8.62010097042782,9.78825643880931e-08,4.3068328330761e-06,2.98799407079442e-06,"7059/283/4958/197/3912/2822/5118/7148/1293/6275",10,"Downres_DEq_MS_CTRL_vs_HBV"
"GO:0106068","GO:0106068","SUMO ligase complex","3/44","13/19944",0.230769230769231,104.601398601399,17.5698395142024,2.82140016721298e-06,8.27610715715808e-05,5.74179683152115e-05,"56160/286053/197370",3,"Downres_DEq_MS_CTRL_vs_HBV"
"GO:0045095","GO:0045095","keratin filament","4/44","114/19944",0.0350877192982456,15.9043062200957,7.50408730483982,0.000115221133383604,0.00253486493443928,0.00175863835164448,"3868/3854/3861/3853",4,"Downres_DEq_MS_CTRL_vs_HBV"
"GO:0098637","GO:0098637","protein complex involved in cell-matrix adhesion","2/44","17/19944",0.117647058823529,53.3262032085562,10.1488718432985,0.000633451005091192,0.00969055363249702,0.00672311137182808,"3912/7148",2,"Downres_DEq_MS_CTRL_vs_HBV"
"GO:0005788","GO:0005788","endoplasmic reticulum lumen","5/44","319/19944",0.0156739811912226,7.10458820176688,5.16823111624584,0.00066071956585207,0.00969055363249702,0.00672311137182808,"5955/197/3912/6694/1293",5,"Downres_DEq_MS_CTRL_vs_HBV"
"GO:0005882","GO:0005882","intermediate filament","4/44","216/19944",0.0185185185185185,8.39393939393939,5.13755254930997,0.00129379934543189,0.0162649060568581,0.0112842649676766,"3868/3854/3861/3853",4,"Downres_DEq_MS_CTRL_vs_HBV"
"GO:0045111","GO:0045111","intermediate filament cytoskeleton","4/44","249/19944",0.0160642570281124,7.28148959474261,4.69007049319776,0.00217570243858094,0.0239327268243903,0.0166040449260124,"3868/3854/3861/3853",4,"Downres_DEq_MS_CTRL_vs_HBV"
