"","ID","Description","GeneRatio","BgRatio","RichFactor","FoldEnrichment","zScore","pvalue","p.adjust","qvalue","geneID","Count","name"
"GO:0106068","GO:0106068","SUMO ligase complex","3/131","13/19944",0.230769230769231,35.1332941867293,10.0101620493559,7.54861763160764e-05,0.0184186270211226,0.0166069587895368,"286053/56160/197370",3,"Upres_DEq_MS_BT_vs_CM"
"GO:0005788","GO:0005788","endoplasmic reticulum lumen","9/131","319/19944",0.0282131661442006,4.29529301969418,4.82436679790735,0.000262502910371202,0.0216913102979923,0.0195577387932717,"1356/1293/2326/6694/5955/8542/2621/197/3912",9,"Upres_DEq_MS_BT_vs_CM"
"GO:0072562","GO:0072562","blood microparticle","6/131","145/19944",0.0413793103448276,6.29976309555146,5.20804349563848,0.000394845588202013,0.0216913102979923,0.0195577387932717,"2638/1356/3043/8542/1/197",6,"Upres_DEq_MS_BT_vs_CM"
"GO:0031012","GO:0031012","extracellular matrix","11/131","496/19944",0.0221774193548387,3.37638512681606,4.35788698783987,0.000437065210435751,0.0216913102979923,0.0195577387932717,"1293/5352/5649/83729/197/283/5118/3912/5919/954/7148",11,"Upres_DEq_MS_BT_vs_CM"
"GO:0030312","GO:0030312","external encapsulating structure","11/131","497/19944",0.0221327967806841,3.36959159537377,4.34991890716859,0.000444494063483449,0.0216913102979923,0.0195577387932717,"1293/5352/5649/83729/197/283/5118/3912/5919/954/7148",11,"Upres_DEq_MS_BT_vs_CM"
