"","ID","Description","GeneRatio","BgRatio","RichFactor","FoldEnrichment","zScore","pvalue","p.adjust","qvalue","geneID","Count","name"
"GO:0031464","GO:0031464","Cul4A-RING E3 ubiquitin ligase complex","1/4","14/19944",0.0714285714285714,356.142857142857,18.8267829646421,0.0028051176247661,0.0221053845921341,0.00387813764774283,"1643",1,"Downres_DEq_MS_B1_vs_BM2"
"GO:0043034","GO:0043034","costamere","1/4","16/19944",0.0625,311.625,17.6046422255195,0.00320536642609459,0.0221053845921341,0.00387813764774283,"3880",1,"Downres_DEq_MS_B1_vs_BM2"
"GO:0016010","GO:0016010","dystrophin-associated glycoprotein complex","1/4","18/19944",0.0555555555555556,277,16.5919692791822,0.00360549472802341,0.0221053845921341,0.00387813764774283,"3880",1,"Downres_DEq_MS_B1_vs_BM2"
"GO:0016327","GO:0016327","apicolateral plasma membrane","1/4","23/19944",0.0434782608695652,216.782608695652,14.6651818534511,0.00460528845669461,0.0221053845921341,0.00387813764774283,"3880",1,"Downres_DEq_MS_B1_vs_BM2"
"GO:0090665","GO:0090665","glycoprotein complex","1/4","23/19944",0.0434782608695652,216.782608695652,14.6651818534511,0.00460528845669461,0.0221053845921341,0.00387813764774283,"3880",1,"Downres_DEq_MS_B1_vs_BM2"
"GO:0080008","GO:0080008","Cul4-RING E3 ubiquitin ligase complex","1/4","38/19944",0.0263157894736842,131.210526315789,11.3791168225337,0.00760015560036975,0.030400622401479,0.00533344252657526,"1643",1,"Downres_DEq_MS_B1_vs_BM2"
