"","ID","Description","GeneRatio","BgRatio","pvalue","p.adjust","qvalue","geneID","Count"
"hsa04979","hsa04979","Cholesterol metabolism","4/18","51/8746",2.9550591222897e-06,0.000138887778747616,0.000111981187792031,"345/335/344/341",4
"hsa03320","hsa03320","PPAR signaling pathway","3/18","75/8746",0.000450566396115771,0.0105883103087206,0.00853704750535145,"345/335/5105",3
"hsa00260","hsa00260","Glycine, serine and threonine metabolism","2/18","40/8746",0.00297939314639031,0.0466771592934482,0.0376344397438776,"2628/27232",2
