"","ID","Description","GeneRatio","BgRatio","pvalue","p.adjust","qvalue","geneID","Count"
"hsa04979","hsa04979","Cholesterol metabolism","8/61","51/8746",1.75567232170279e-09,2.12436350926038e-07,1.75567232170279e-07,"348/335/338/341/344/4018/336/9388",8
"hsa04610","hsa04610","Complement and coagulation cascades","6/61","86/8746",2.7300403200338e-05,0.00165167439362045,0.0013650201600169,"2243/2244/2266/727/730/5648",6
"hsa00260","hsa00260","Glycine, serine and threonine metabolism","4/61","40/8746",0.000162231645913358,0.00410145490397867,0.00338963215204848,"2628/635/1610/27232",4
"hsa03320","hsa03320","PPAR signaling pathway","5/61","75/8746",0.00016584922239328,0.00410145490397867,0.00338963215204848,"116519/3158/335/5105/336",5
"hsa00430","hsa00430","Taurine and hypotaurine metabolism","3/61","16/8746",0.000169481607602424,0.00410145490397867,0.00338963215204848,"2330/2328/2329",3
"hsa04142","hsa04142","Lysosome","6/61","132/8746",0.000296602802153263,0.00598148984342415,0.00494338003588773,"1522/5641/5476/4758/1514/2588",6
"hsa00982","hsa00982","Drug metabolism - cytochrome P450","4/61","72/8746",0.00154660066274984,0.02673409717039,0.0220942951821405,"1558/2330/2328/2329",4
