"","ID","Description","GeneRatio","BgRatio","pvalue","p.adjust","qvalue","geneID","Count"
"hsa04610","hsa04610","Complement and coagulation cascades","9/51","86/8746",1.21834997895285e-09,1.55948797305965e-07,1.33377260853786e-07,"2243/2266/2244/730/2162/727/5345/1361/732",9
"hsa04979","hsa04979","Cholesterol metabolism","6/51","51/8746",4.283225888048e-07,2.74126456835072e-05,2.34450259135259e-05,"348/4018/335/336/341/344",6
"hsa00982","hsa00982","Drug metabolism - cytochrome P450","5/51","72/8746",5.74956655949134e-05,0.00245314839871631,0.00209808744627053,"1559/1576/1558/2328/2944",5
"hsa04512","hsa04512","ECM-receptor interaction","5/51","89/8746",0.000158318259193768,0.00506618429420059,0.00433292077793471,"7057/2335/1291/375790/7060",5
"hsa05171","hsa05171","Coronavirus disease - COVID-19","7/51","233/8746",0.000370986275796049,0.00949724866037887,0.00812264688058719,"2243/2266/2244/730/2162/727/732",7
"hsa00591","hsa00591","Linoleic acid metabolism","3/51","30/8746",0.000678763809383856,0.0129503442503729,0.0110759523193979,"1559/1576/1558",3
"hsa05204","hsa05204","Chemical carcinogenesis - DNA adducts","4/51","70/8746",0.000708221951192269,0.0129503442503729,0.0110759523193979,"1559/1576/1558/2944",4
"hsa04820","hsa04820","Cytoskeleton in muscle cells","6/51","229/8746",0.0020295567378114,0.0324729078049824,0.0277728816753139,"7057/2335/1291/375790/7060/58",6
"hsa04974","hsa04974","Protein digestion and absorption","4/51","103/8746",0.00296553838339039,0.0421765458971077,0.0360720458330526,"1291/80781/1357/1361",4
