"","ID","Description","GeneRatio","BgRatio","pvalue","p.adjust","qvalue","geneID","Count"
"hsa00052","hsa00052","Galactose metabolism","2/13","32/8746",0.00098652617844377,0.0339751446247571,0.0281416210869429,"80201/231",2
"hsa00051","hsa00051","Fructose and mannose metabolism","2/13","34/8746",0.00111393916802482,0.0339751446247571,0.0281416210869429,"80201/231",2
