"","ID","Description","GeneRatio","BgRatio","pvalue","p.adjust","qvalue","geneID","Count","name"
"GO:0016925","GO:0016925","protein sumoylation","3/19","68/18614",4.33306300834502e-05,0.0147324142283731,0.00925907148098989,"79677/54780/197370",3,"Downres_DEq_MS_B_vs_C"
"GO:0032204","GO:0032204","regulation of telomere maintenance","3/19","104/18614",0.000153834729025243,0.0261519039342914,0.0164360263116444,"79677/54780/197370",3,"Downres_DEq_MS_B_vs_C"
"GO:0000723","GO:0000723","telomere maintenance","3/19","156/18614",0.000506986210758812,0.0481770397549826,0.0302784491339364,"79677/54780/197370",3,"Downres_DEq_MS_B_vs_C"
"GO:0000724","GO:0000724","double-strand break repair via homologous recombination","3/19","171/18614",0.00066244495736716,0.0481770397549826,0.0302784491339364,"79677/54780/197370",3,"Downres_DEq_MS_B_vs_C"
"GO:0000725","GO:0000725","recombinational repair","3/19","175/18614",0.000708485878749744,0.0481770397549826,0.0302784491339364,"79677/54780/197370",3,"Downres_DEq_MS_B_vs_C"
"GO:0032200","GO:0032200","telomere organization","3/19","187/18614",0.000858743262624969,0.0486621182154149,0.0305833126864682,"79677/54780/197370",3,"Downres_DEq_MS_B_vs_C"
