"","ID","Description","GeneRatio","BgRatio","pvalue","p.adjust","qvalue","geneID","Count","name"
"GO:0090399","GO:0090399","replicative senescence","2/13","17/18614",6.08751891889599e-05,0.0140012935134608,0.008394368193425,"140823/7486",2,"Downres_DEq_MS_C_vs_B"
"GO:0021762","GO:0021762","substantia nigra development","2/13","44/18614",0.000418960103741288,0.0263358632905842,0.0157894649476729,"1152/5810",2,"Downres_DEq_MS_C_vs_B"
"GO:0030261","GO:0030261","chromosome condensation","2/13","44/18614",0.000418960103741288,0.0263358632905842,0.0157894649476729,"3008/3009",2,"Downres_DEq_MS_C_vs_B"
"GO:0045910","GO:0045910","negative regulation of DNA recombination","2/13","46/18614",0.00045801501374929,0.0263358632905842,0.0157894649476729,"3008/3009",2,"Downres_DEq_MS_C_vs_B"
"GO:0048857","GO:0048857","neural nucleus development","2/13","65/18614",0.000913592304328268,0.0420252459991003,0.0251959140772638,"1152/5810",2,"Downres_DEq_MS_C_vs_B"
"GO:0071479","GO:0071479","cellular response to ionizing radiation","2/13","75/18614",0.00121406420812643,0.0462687273815694,0.0277400608100027,"5810/7486",2,"Downres_DEq_MS_C_vs_B"
"GO:0006310","GO:0006310","DNA recombination","3/13","332/18614",0.00140817865943907,0.0462687273815694,0.0277400608100027,"3008/3009/7486",3,"Downres_DEq_MS_C_vs_B"
