"","category","subcategory","ID","Description","GeneRatio","BgRatio","RichFactor","FoldEnrichment","zScore","pvalue","p.adjust","qvalue","geneID","Count","name"
"hsa04978","Organismal Systems","Digestive system","hsa04978","Mineral absorption","5/31","61/9521",0.0819672131147541,25.174510840825,10.8253827197804,1.36592384368266e-06,0.0001024442882762,7.90798014763647e-05,"493/4502/4494/4495/4493",5,"Upres_DEq_MS_C_vs_DM"
"hsa04512","Environmental Information Processing","Signaling molecules and interaction","hsa04512","ECM-receptor interaction","4/31","89/9521",0.0449438202247191,13.8035520115984,6.93569189549042,0.000185104098703933,0.0069414037013975,0.00535827654142965,"7057/3673/3371/3675",4,"Upres_DEq_MS_C_vs_DM"
"hsa04510","Cellular Processes","Cellular community - eukaryotes","hsa04510","Focal adhesion","5/31","203/9521",0.0246305418719212,7.56475448911489,5.40345289262293,0.000453688864185374,0.0113422216046344,0.00875539913340196,"7057/3673/23396/3371/3675",5,"Upres_DEq_MS_C_vs_DM"
"hsa04518","Environmental Information Processing","Signaling molecules and interaction","hsa04518","Integrin signaling","4/31","154/9521",0.025974025974026,7.97737746124843,4.98905777467868,0.0014740236204088,0.0276379428826651,0.0213345524006537,"7057/3673/3371/3675",4,"Upres_DEq_MS_C_vs_DM"
