"","category","subcategory","ID","Description","GeneRatio","BgRatio","RichFactor","FoldEnrichment","zScore","pvalue","p.adjust","qvalue","geneID","Count","name"
"hsa00270","Metabolism","Amino acid metabolism","hsa00270","Cysteine and methionine metabolism","2/13","52/9521",0.0384615384615385,28.1686390532544,7.26378634357922,0.00219594191436617,0.0389791987963206,0.0260387360380279,"6898/1036",2,"Upres_DEq_MS_BM1_vs_C"
"hsa05417","Human Diseases","Cardiovascular disease","hsa05417","Lipid and atherosclerosis","3/13","216/9521",0.0138888888888889,10.1720085470085,5.0417197521293,0.00278359843385894,0.0389791987963206,0.0260387360380279,"1549/1548/1536",3,"Upres_DEq_MS_BM1_vs_C"
"hsa00830","Metabolism","Metabolism of cofactors and vitamins","hsa00830","Retinol metabolism","2/13","68/9521",0.0294117647058824,21.5407239819004,6.28537129740897,0.00372633184961498,0.0389791987963206,0.0260387360380279,"1549/1548",2,"Upres_DEq_MS_BM1_vs_C"
"hsa05204","Human Diseases","Cancer: overview","hsa05204","Chemical carcinogenesis - DNA adducts","2/13","71/9521",0.028169014084507,20.6305525460455,6.13891129300004,0.00405556492154247,0.0389791987963206,0.0260387360380279,"1549/1548",2,"Upres_DEq_MS_BM1_vs_C"
"hsa00982","Metabolism","Xenobiotics biodegradation and metabolism","hsa00982","Drug metabolism - cytochrome P450","2/13","73/9521",0.0273972602739726,20.0653319283456,6.04618487240187,0.00428234642480458,0.0389791987963206,0.0260387360380279,"1549/1548",2,"Upres_DEq_MS_BM1_vs_C"
"hsa00980","Metabolism","Xenobiotics biodegradation and metabolism","hsa00980","Metabolism of xenobiotics by cytochrome P450","2/13","79/9521",0.0253164556962025,18.5413826679649,5.7888318448473,0.00499738388392134,0.0389791987963206,0.0260387360380279,"1549/1548",2,"Upres_DEq_MS_BM1_vs_C"
"hsa00983","Metabolism","Xenobiotics biodegradation and metabolism","hsa00983","Drug metabolism - other enzymes","2/13","81/9521",0.0246913580246914,18.0835707502374,5.70927190328861,0.00524719983796623,0.0389791987963206,0.0260387360380279,"1549/1548",2,"Upres_DEq_MS_BM1_vs_C"
"hsa04512","Environmental Information Processing","Signaling molecules and interaction","hsa04512","ECM-receptor interaction","2/13","89/9521",0.0224719101123595,16.4580812445981,5.41744182834563,0.0063030663283858,0.0409699311345077,0.0273685774785173,"5649/1293",2,"Upres_DEq_MS_BM1_vs_C"
