"","category","subcategory","ID","Description","GeneRatio","BgRatio","RichFactor","FoldEnrichment","zScore","pvalue","p.adjust","qvalue","geneID","Count","name"
"hsa04512","Environmental Information Processing","Signaling molecules and interaction","hsa04512","ECM-receptor interaction","5/27","89/9521",0.0561797752808989,19.8106533499792,9.50764001959019,4.37458988637933e-06,0.000358716370683105,0.0002762898875608,"7059/5649/1293/3912/7148",5,"Upres_DEq_MS_B2_vs_CM"
"hsa03320","Organismal Systems","Endocrine system","hsa03320","PPAR signaling pathway","4/27","76/9521",0.0526315789473684,18.5594541910331,8.19582298754466,5.72432486442277e-05,0.00171710892538964,0.00132254859465184,"123/1581/345/5105",4,"Upres_DEq_MS_B2_vs_CM"
"hsa04518","Environmental Information Processing","Signaling molecules and interaction","hsa04518","Integrin signaling","5/27","154/9521",0.0324675324675325,11.4490139490139,6.97125793490827,6.28210582459624e-05,0.00171710892538964,0.00132254859465184,"7059/5649/1293/3912/7148",5,"Upres_DEq_MS_B2_vs_CM"
"hsa04510","Cellular Processes","Cellular community - eukaryotes","hsa04510","Focal adhesion","5/27","203/9521",0.0246305418719212,8.68545885787265,5.90244855491131,0.000231015976539381,0.00455624418253493,0.00350930232287671,"7059/5649/1293/3912/7148",5,"Upres_DEq_MS_B2_vs_CM"
"hsa05165","Human Diseases","Infectious disease: viral","hsa05165","Human papillomavirus infection","6/27","333/9521",0.018018018018018,6.35368702035369,5.30322855625619,0.00027781976722774,0.00455624418253493,0.00350930232287671,"7059/5649/1293/3912/7148/2308",6,"Upres_DEq_MS_B2_vs_CM"
"hsa04979","Organismal Systems","Digestive system","hsa04979","Cholesterol metabolism","3/27","51/9521",0.0588235294117647,20.7429193899782,7.53871306017644,0.000386839938451213,0.00509799668601327,0.00392656997639019,"344/1581/345",3,"Upres_DEq_MS_B2_vs_CM"
"hsa04151","Environmental Information Processing","Signal transduction","hsa04151","PI3K-Akt signaling pathway","6/27","362/9521",0.0165745856353591,5.84468999386126,5.01154911097766,0.000435194839049913,0.00509799668601327,0.00392656997639019,"7059/5649/1293/3912/7148/5105",6,"Upres_DEq_MS_B2_vs_CM"
"hsa04922","Organismal Systems","Endocrine system","hsa04922","Glucagon signaling pathway","3/27","107/9521",0.0280373831775701,9.88681204569055,4.92976854545182,0.00331738958139199,0.0340032432092679,0.0261899177478315,"2645/2308/5105",3,"Upres_DEq_MS_B2_vs_CM"
