"","category","subcategory","ID","Description","GeneRatio","BgRatio","RichFactor","FoldEnrichment","zScore","pvalue","p.adjust","qvalue","geneID","Count","name"
"hsa04512","Environmental Information Processing","Signaling molecules and interaction","hsa04512","ECM-receptor interaction","4/23","89/9521",0.0449438202247191,18.6047874938935,8.21088943212729,5.51527952298346e-05,0.00292309814718123,0.00220611180919338,"7059/1293/5649/7148",4,"Upres_DEq_MS_B1_vs_CM"
"hsa00270","Metabolism","Amino acid metabolism","hsa00270","Cysteine and methionine metabolism","3/23","52/9521",0.0576923076923077,23.8821070234114,8.14164075826849,0.000251944918370773,0.00667654033682548,0.00503889836741546,"1036/6898/3939",3,"Upres_DEq_MS_B1_vs_CM"
"hsa04518","Environmental Information Processing","Signaling molecules and interaction","hsa04518","Integrin signaling","4/23","154/9521",0.025974025974026,10.7521174477696,6.00378778453452,0.000458658648624234,0.00810296945902814,0.00611544864832313,"7059/1293/5649/7148",4,"Upres_DEq_MS_B1_vs_CM"
"hsa04610","Organismal Systems","Immune system","hsa04610","Complement and coagulation cascades","3/23","88/9521",0.0340909090909091,14.1121541501976,6.08074476676995,0.00118206679298503,0.0136999066234674,0.0103395521686546,"4153/3080/10878",3,"Upres_DEq_MS_B1_vs_CM"
"hsa04510","Cellular Processes","Cellular community - eukaryotes","hsa04510","Focal adhesion","4/23","203/9521",0.0197044334975369,8.1567787534804,5.07189865471558,0.00129244402108183,0.0136999066234674,0.0103395521686546,"7059/1293/5649/7148",4,"Upres_DEq_MS_B1_vs_CM"
