"","category","subcategory","ID","Description","GeneRatio","BgRatio","RichFactor","FoldEnrichment","zScore","pvalue","p.adjust","qvalue","geneID","Count","name"
"hsa04512","Environmental Information Processing","Signaling molecules and interaction","hsa04512","ECM-receptor interaction","6/40","89/9521",0.0674157303370786,16.0466292134831,9.26304391190697,1.6735221728383e-06,0.000192455049876404,0.000170875421858226,"7057/3679/3673/3675/960/3371",6,"Upres_DEq_MS_CM_vs_DM"
"hsa04820","Cellular Processes","Cell motility","hsa04820","Cytoskeleton in muscle cells","7/40","233/9521",0.0300429184549356,7.15096566523605,6.17421227030414,4.49697413898673e-05,0.00258576012991737,0.00229582363937743,"7057/2318/3679/3673/10398/633/3675",7,"Upres_DEq_MS_CM_vs_DM"
"hsa04978","Organismal Systems","Digestive system","hsa04978","Mineral absorption","4/40","61/9521",0.0655737704918033,15.6081967213115,7.43425330392435,0.000117290928415391,0.00449615225592331,0.00399200703729576,"493/4502/4493/4495",4,"Upres_DEq_MS_CM_vs_DM"
"hsa04510","Cellular Processes","Cellular community - eukaryotes","hsa04510","Focal adhesion","6/40","203/9521",0.0295566502463054,7.03522167487685,5.64548540417221,0.000182916856422332,0.00525885962214206,0.00466919344025428,"7057/3679/3673/10398/3675/3371",6,"Upres_DEq_MS_CM_vs_DM"
"hsa04518","Environmental Information Processing","Signaling molecules and interaction","hsa04518","Integrin signaling","5/40","154/9521",0.0324675324675325,7.72808441558441,5.46730029786366,0.000432299245712614,0.00994288265139012,0.00882800564928917,"7057/3679/3673/3675/3371",5,"Upres_DEq_MS_CM_vs_DM"
"hsa04382","Organismal Systems","Development and regeneration","hsa04382","Cornified envelope formation","5/40","217/9521",0.0230414746543779,5.4844470046083,4.34035556514617,0.00201789799888317,0.0386763783119275,0.0343396677002926,"3855/3880/57402/121214/6277",5,"Upres_DEq_MS_CM_vs_DM"
"hsa05165","Human Diseases","Infectious disease: viral","hsa05165","Human papillomavirus infection","6/40","333/9521",0.018018018018018,4.28873873873874,3.96791530927504,0.00245778440249975,0.0403778866124959,0.0358503890289438,"7057/3679/3673/3675/3371/9296",6,"Upres_DEq_MS_CM_vs_DM"
