"","category","subcategory","ID","Description","GeneRatio","BgRatio","RichFactor","FoldEnrichment","zScore","pvalue","p.adjust","qvalue","geneID","Count","name"
"hsa01230","Metabolism","Global and overview maps","hsa01230","Biosynthesis of amino acids","9/61","75/9521",0.12,18.7298360655738,12.3779636961491,8.90737540719533e-10,1.19358830456417e-07,1.05013267958513e-07,"230/26227/2023/162417/5230/5232/383/2027/65263",9,"Downres_DEq_MS_C_vs_BT"
"hsa00010","Metabolism","Carbohydrate metabolism","hsa00010","Glycolysis / Gluconeogenesis","7/61","67/9521",0.104477611940299,16.3070712013702,10.0962368027544,2.00414279894032e-07,1.34277567529001e-05,1.18138943937534e-05,"230/2023/5105/2645/5230/5232/2027",7,"Downres_DEq_MS_C_vs_BT"
"hsa01200","Metabolism","Global and overview maps","hsa01200","Carbon metabolism","7/61","117/9521",0.0598290598290598,9.3382373546308,7.28699879403791,8.90873671325144e-06,0.000397923573191898,0.000350097723468127,"230/26227/2023/2645/5230/5232/2027",7,"Downres_DEq_MS_C_vs_BT"
"hsa00590","Metabolism","Lipid metabolism","hsa00590","Arachidonic acid metabolism","5/61","63/9521",0.0793650793650794,12.3874577153266,7.28174088281621,4.82974525758756e-05,0.00161796466129183,0.00142350386539423,"247/1558/1557/1555/127281",5,"Downres_DEq_MS_C_vs_BT"
"hsa04066","Environmental Information Processing","Signal transduction","hsa04066","HIF-1 signaling pathway","6/61","110/9521",0.0545454545454545,8.51356184798808,6.36446855388632,6.8715441881636e-05,0.00184157384242784,0.00162023778752489,"230/2023/5230/5163/5232/2027",6,"Downres_DEq_MS_C_vs_BT"
"hsa00982","Metabolism","Xenobiotics biodegradation and metabolism","hsa00982","Drug metabolism - cytochrome P450","5/61","73/9521",0.0684931506849315,10.6905456995284,6.67386696394979,9.8275532490243e-05,0.00219482022561543,0.00193102800682583,"1558/1557/2326/1549/1555",5,"Downres_DEq_MS_C_vs_BT"
"hsa00430","Metabolism","Metabolism of other amino acids","hsa00430","Taurine and hypotaurine metabolism","3/61","17/9521",0.176470588235294,27.5438765670203,8.7957609877866,0.000159632084157224,0.00305581418243829,0.00268854036475325,"570/2326/1036",3,"Downres_DEq_MS_C_vs_BT"
"hsa05230","Human Diseases","Cancer: overview","hsa05230","Central carbon metabolism in cancer","4/61","71/9521",0.0563380281690141,8.79335026552759,5.29267576277265,0.00107548593956981,0.0180143894877943,0.0158492664778709,"2645/5163/51548/2261",4,"Downres_DEq_MS_C_vs_BT"
