"","category","subcategory","ID","Description","GeneRatio","BgRatio","RichFactor","FoldEnrichment","zScore","pvalue","p.adjust","qvalue","geneID","Count","name"
"hsa04978","Organismal Systems","Digestive system","hsa04978","Mineral absorption","5/45","61/9521",0.0819672131147541,17.3424408014572,8.82365410052291,9.16964663133009e-06,0.000651044910824437,0.000598440095939438,"4495/4493/4502/4496/4501",5,"Upres_DEq_MS_CTRL_vs_HDV.myr"
"hsa04512","Environmental Information Processing","Signaling molecules and interaction","hsa04512","ECM-receptor interaction","4/45","89/9521",0.0449438202247191,9.50911360799001,5.55763005439686,0.000793389711306895,0.0195146442586993,0.0179378494297903,"7057/3673/3371/3675",4,"Upres_DEq_MS_CTRL_vs_HDV.myr"
"hsa05171","Human Diseases","Infectious disease: viral","hsa05171","Coronavirus disease - COVID-19","6/45","238/9521",0.0252100840336134,5.33389355742297,4.66589271866904,0.000824562433466168,0.0195146442586993,0.0179378494297903,"6124/6143/6137/6129/51121/6193",6,"Upres_DEq_MS_CTRL_vs_HDV.myr"
