"","category","subcategory","ID","Description","GeneRatio","BgRatio","RichFactor","FoldEnrichment","zScore","pvalue","p.adjust","qvalue","geneID","Count","name"
"hsa03320","Organismal Systems","Endocrine system","hsa03320","PPAR signaling pathway","3/16","76/9521",0.0394736842105263,23.4893092105263,8.07577732650934,0.000254023175952585,0.0141720835712268,0.0110819300105833,"5105/123/1581",3,"Upres_DEq_MS_BM2_vs_C"
"hsa04512","Environmental Information Processing","Signaling molecules and interaction","hsa04512","ECM-receptor interaction","3/16","89/9521",0.0337078651685393,20.0582865168539,7.41104352562669,0.000404916673463622,0.0141720835712268,0.0110819300105833,"5649/7059/1293",3,"Upres_DEq_MS_BM2_vs_C"
"hsa04518","Environmental Information Processing","Signaling molecules and interaction","hsa04518","Integrin signaling","3/16","154/9521",0.0194805194805195,11.5921266233766,5.43682894236658,0.00199090313448429,0.045511737200307,0.0355881253295634,"5649/7059/1293",3,"Upres_DEq_MS_BM2_vs_C"
"hsa04151","Environmental Information Processing","Signal transduction","hsa04151","PI3K-Akt signaling pathway","4/16","362/9521",0.0110497237569061,6.57527624309392,4.43709831087863,0.0026006706971604,0.045511737200307,0.0355881253295634,"5105/5649/7059/1293",4,"Upres_DEq_MS_BM2_vs_C"
