"","category","subcategory","ID","Description","GeneRatio","BgRatio","RichFactor","FoldEnrichment","zScore","pvalue","p.adjust","qvalue","geneID","Count","name"
"hsa04512","Environmental Information Processing","Signaling molecules and interaction","hsa04512","ECM-receptor interaction","4/23","89/9521",0.0449438202247191,18.6047874938935,8.21088943212729,5.51527952298346e-05,0.00336432050901991,0.00267055640060252,"7059/3912/7148/1293",4,"Downres_DEq_MS_CTRL_vs_HBV"
"hsa04382","Organismal Systems","Development and regeneration","hsa04382","Cornified envelope formation","5/23","217/9521",0.0230414746543779,9.5381687036666,6.26074560512505,0.000141334703626334,0.00431070846060317,0.00342178756147965,"3868/3854/3861/3853/6275",5,"Downres_DEq_MS_CTRL_vs_HBV"
"hsa04518","Environmental Information Processing","Signaling molecules and interaction","hsa04518","Integrin signaling","4/23","154/9521",0.025974025974026,10.7521174477696,6.00378778453452,0.000458658648624234,0.00932605918869277,0.00740291152165431,"7059/3912/7148/1293",4,"Downres_DEq_MS_CTRL_vs_HBV"
"hsa04510","Cellular Processes","Cellular community - eukaryotes","hsa04510","Focal adhesion","4/23","203/9521",0.0197044334975369,8.1567787534804,5.07189865471558,0.00129244402108183,0.0197097713214979,0.0156453749920432,"7059/3912/7148/1293",4,"Downres_DEq_MS_CTRL_vs_HBV"
