"","ID","Description","GeneRatio","BgRatio","pvalue","p.adjust","qvalue","geneID","Count","name"
"hsa04142","hsa04142","Lysosome","2/4","132/8840",0.00130192659066551,0.0195288988599827,0.0054817961712232,"5476/1520",2,"Downres_DEq_MS_HBV.myr_vs_HBV"
"hsa00430","hsa00430","Taurine and hypotaurine metabolism","1/4","16/8840",0.0072214092335896,0.0304084766754001,0.0085357127509895,"570",1,"Downres_DEq_MS_HBV.myr_vs_HBV"
"hsa00120","hsa00120","Primary bile acid biosynthesis","1/4","17/8840",0.00767144485950377,0.0304084766754001,0.0085357127509895,"570",1,"Downres_DEq_MS_HBV.myr_vs_HBV"
"hsa04614","hsa04614","Renin-angiotensin system","1/4","23/8840",0.0103684463818537,0.0304084766754001,0.0085357127509895,"5476",1,"Downres_DEq_MS_HBV.myr_vs_HBV"
"hsa04977","hsa04977","Vitamin digestion and absorption","1/4","26/8840",0.0117148836965709,0.0304084766754001,0.0085357127509895,"338",1,"Downres_DEq_MS_HBV.myr_vs_HBV"
"hsa01040","hsa01040","Biosynthesis of unsaturated fatty acids","1/4","27/8840",0.01216339067016,0.0304084766754001,0.0085357127509895,"570",1,"Downres_DEq_MS_HBV.myr_vs_HBV"
"hsa04975","hsa04975","Fat digestion and absorption","1/4","43/8840",0.0193187620607302,0.0413973472729934,0.0116203080064543,"338",1,"Downres_DEq_MS_HBV.myr_vs_HBV"
"hsa04979","hsa04979","Cholesterol metabolism","1/4","51/8840",0.0228818353162258,0.0429034412179233,0.0120430712190662,"338",1,"Downres_DEq_MS_HBV.myr_vs_HBV"
