"","ID","Description","GeneRatio","BgRatio","pvalue","p.adjust","qvalue","geneID","Count","name"
"hsa04610","hsa04610","Complement and coagulation cascades","24/54","88/8840",3.30604072915501e-35,3.80194683852826e-33,3.4452424440668e-33,"3827/718/5340/2147/2266/3053/716/721/2243/3080/1191/2244/720/710/717/3818/7448/715/722/629/2161/729/732/1361",24,"Upres_DEq_MS_HBV.myr_vs_CTRL"
"hsa05133","hsa05133","Pertussis","9/54","78/8840",7.80081226626414e-10,4.48546705310188e-08,4.06463375979026e-08,"718/716/721/720/710/717/715/722/929",9,"Upres_DEq_MS_HBV.myr_vs_CTRL"
"hsa05171","hsa05171","Coronavirus disease - COVID-19","13/54","238/8840",1.17180883093949e-09,4.4919338519347e-08,4.0704938337898e-08,"718/2147/2266/716/721/2243/2244/720/717/715/629/729/732",13,"Upres_DEq_MS_HBV.myr_vs_CTRL"
"hsa05150","hsa05150","Staphylococcus aureus infection","9/54","100/8840",7.35109429228787e-09,2.11343960903276e-07,1.91515351299079e-07,"718/5340/2266/716/721/720/717/715/629",9,"Upres_DEq_MS_HBV.myr_vs_CTRL"
"hsa04979","hsa04979","Cholesterol metabolism","6/54","51/8840",5.69772911723414e-07,1.31047769696385e-05,1.18752670022354e-05,"348/341/350/335/336/55908",6,"Upres_DEq_MS_HBV.myr_vs_CTRL"
"hsa05322","hsa05322","Systemic lupus erythematosus","8/54","139/8840",1.72699313391274e-06,3.31007017333274e-05,2.99951439048001e-05,"718/716/721/720/717/715/729/732",8,"Upres_DEq_MS_HBV.myr_vs_CTRL"
"hsa05143","hsa05143","African trypanosomiasis","3/54","37/8840",0.00144560105529554,0.023749160194141,0.0215209781164299,"3827/335/3250",3,"Upres_DEq_MS_HBV.myr_vs_CTRL"
"hsa04936","hsa04936","Alcoholic liver disease","5/54","144/8840",0.00178154538151053,0.0256097148592139,0.0232069727328346,"718/721/720/717/929",5,"Upres_DEq_MS_HBV.myr_vs_CTRL"
"hsa04810","hsa04810","Regulation of actin cytoskeleton","6/54","230/8840",0.0026435035582495,0.0337781010220769,0.0306089885692047,"3827/2335/2147/729/732/26291",6,"Upres_DEq_MS_HBV.myr_vs_CTRL"
