"","ID","Description","GeneRatio","BgRatio","pvalue","p.adjust","qvalue","geneID","Count","name"
"hsa04610","hsa04610","Complement and coagulation cascades","7/19","88/8840",3.47780279610157e-10,2.26057181746602e-08,1.83042252426399e-08,"720/2244/2266/2243/718/3080/5340",7,"Downres_DEq_MS_CTRL_vs_CTRL.myr"
"hsa05150","hsa05150","Staphylococcus aureus infection","4/19","100/8840",5.24497547906749e-05,0.00170461703069693,0.00138025670501776,"720/2266/718/5340",4,"Downres_DEq_MS_CTRL_vs_CTRL.myr"
"hsa05171","hsa05171","Coronavirus disease - COVID-19","5/19","238/8840",0.000115781429980049,0.00250859764956772,0.00203125315754471,"720/2244/2266/2243/718",5,"Downres_DEq_MS_CTRL_vs_CTRL.myr"
"hsa04979","hsa04979","Cholesterol metabolism","3/19","51/8840",0.000164257234976358,0.00266918006836582,0.00216127940758366,"348/336/350",3,"Downres_DEq_MS_CTRL_vs_CTRL.myr"
"hsa04613","hsa04613","Neutrophil extracellular trap formation","4/19","192/8840",0.000647272482172863,0.00841454226824722,0.00681339454918804,"2244/2266/2243/718",4,"Downres_DEq_MS_CTRL_vs_CTRL.myr"
"hsa04611","hsa04611","Platelet activation","3/19","125/8840",0.00226654218522367,0.0245542070065897,0.01988194899319,"2244/2266/2243",3,"Downres_DEq_MS_CTRL_vs_CTRL.myr"
"hsa04723","hsa04723","Retrograde endocannabinoid signaling","3/19","149/8840",0.00373023228042698,0.0346378711753933,0.0280468592513306,"59345/2559/4723",3,"Downres_DEq_MS_CTRL_vs_CTRL.myr"
