"","ID","Description","GeneRatio","BgRatio","pvalue","p.adjust","qvalue","geneID","Count","name"
"hsa04610","hsa04610","Complement and coagulation cascades","22/51","88/8840",6.67673066775355e-32,7.07733450781877e-30,6.53616791685348e-30,"718/720/3827/715/2266/5340/1191/721/3053/2244/716/2243/7448/710/3080/2147/629/722/732/3818/1361/3075",22,"Downres_DEq_MS_CTRL_vs_HBV"
"hsa04979","hsa04979","Cholesterol metabolism","8/51","51/8840",3.64888789231633e-10,1.93391058292766e-08,1.78603459992326e-08,"348/350/336/335/341/338/4018/344",8,"Downres_DEq_MS_CTRL_vs_HBV"
"hsa05150","hsa05150","Staphylococcus aureus infection","9/51","100/8840",4.32468688751781e-09,1.52805603358962e-07,1.41121361592686e-07,"718/720/715/2266/5340/721/716/629/3075",9,"Downres_DEq_MS_CTRL_vs_HBV"
"hsa05171","hsa05171","Coronavirus disease - COVID-19","12/51","238/8840",6.89187490128487e-09,1.82634684884049e-07,1.68669569952498e-07,"718/720/715/2266/721/2244/716/2243/2147/629/6217/732",12,"Downres_DEq_MS_CTRL_vs_HBV"
"hsa05133","hsa05133","Pertussis","7/51","78/8840",2.68532519741014e-07,5.69288941850949e-06,5.25758407071879e-06,"718/720/715/721/716/710/722",7,"Downres_DEq_MS_CTRL_vs_HBV"
"hsa05322","hsa05322","Systemic lupus erythematosus","6/51","139/8840",0.000136557457069057,0.00241251507488667,0.0022280427206004,"718/720/715/721/716/732",6,"Downres_DEq_MS_CTRL_vs_HBV"
"hsa04977","hsa04977","Vitamin digestion and absorption","3/51","26/8840",0.000428359173886045,0.00648658177598869,0.005990586943068,"335/686/338",3,"Downres_DEq_MS_CTRL_vs_HBV"
"hsa05143","hsa05143","African trypanosomiasis","3/51","37/8840",0.00122421294766558,0.0162208215565689,0.0149805005438025,"3827/335/3250",3,"Downres_DEq_MS_CTRL_vs_HBV"
