"","ID","Description","GeneRatio","BgRatio","RichFactor","FoldEnrichment","zScore","pvalue","p.adjust","qvalue","geneID","Count","name"
"GO:0106068","GO:0106068","SUMO ligase complex","2/4","13/19944",0.153846153846154,767.076923076923,39.1329127803141,2.35154680688236e-06,4.46793893307649e-05,1.73271869980806e-05,"197370/286053",2,"Upres_DEq_MS_B2_vs_BM2"
"GO:0000781","GO:0000781","chromosome, telomeric region","2/4","177/19944",0.0112994350282486,56.3389830508475,10.4739401833884,0.000464450875859815,0.00441228332066824,0.00171113480579932,"197370/286053",2,"Upres_DEq_MS_B2_vs_BM2"
"GO:0000793","GO:0000793","condensed chromosome","2/4","288/19944",0.00694444444444444,34.625,8.14092265171916,0.0012231597881639,0.00711560870200617,0.0027595158401132,"197370/286053",2,"Upres_DEq_MS_B2_vs_BM2"
"GO:0005788","GO:0005788","endoplasmic reticulum lumen","2/4","319/19944",0.00626959247648903,31.2601880877743,7.71657879629061,0.00149802288463288,0.00711560870200617,0.0027595158401132,"5955/197",2,"Upres_DEq_MS_B2_vs_BM2"
"GO:0098687","GO:0098687","chromosomal region","2/4","413/19944",0.00484261501210654,24.1452784503632,6.73190314683971,0.00249683042986744,0.00948795563349626,0.00367953958085727,"197370/286053",2,"Upres_DEq_MS_B2_vs_BM2"
"GO:0097431","GO:0097431","mitotic spindle pole","1/4","39/19944",0.0256410256410256,127.846153846154,11.2302953784212,0.00779957283022981,0.0246986472957277,0.00957842277396643,"197370",1,"Upres_DEq_MS_B2_vs_BM2"
"GO:0031093","GO:0031093","platelet alpha granule lumen","1/4","67/19944",0.0149253731343284,74.4179104477612,8.52563362553222,0.0133710638268703,0.0362928875300764,0.0140748040282845,"197",1,"Upres_DEq_MS_B2_vs_BM2"
"GO:0031091","GO:0031091","platelet alpha granule","1/4","91/19944",0.010989010989011,54.7912087912088,7.28419547838458,0.0181279232170865,0.0430538176405803,0.0166967713841586,"197",1,"Upres_DEq_MS_B2_vs_BM2"
"GO:0016605","GO:0016605","PML body","1/4","109/19944",0.00917431192660551,45.743119266055,6.63416192580941,0.0216842638446435,0.0457778903386918,0.0177531984692988,"286053",1,"Upres_DEq_MS_B2_vs_BM2"
