"","ID","Description","GeneRatio","BgRatio","RichFactor","FoldEnrichment","zScore","pvalue","p.adjust","qvalue","geneID","Count","name"
"GO:0034364","GO:0034364","high-density lipoprotein particle","5/91","27/19944",0.185185185185185,40.5860805860806,13.9352670031405,1.31973192071234e-07,2.24354426521098e-05,1.94486809368134e-05,"116519/341/346/6288/3990",5,"Downres_DEq_MS_C_vs_D"
"GO:0034358","GO:0034358","plasma lipoprotein particle","5/91","37/19944",0.135135135135135,29.6168696168696,11.7956790724445,6.87419991851208e-07,3.89537995382351e-05,3.37679995997084e-05,"116519/341/346/6288/3990",5,"Downres_DEq_MS_C_vs_D"
"GO:1990777","GO:1990777","lipoprotein particle","5/91","37/19944",0.135135135135135,29.6168696168696,11.7956790724445,6.87419991851208e-07,3.89537995382351e-05,3.37679995997084e-05,"116519/341/346/6288/3990",5,"Downres_DEq_MS_C_vs_D"
"GO:0032994","GO:0032994","protein-lipid complex","5/91","40/19944",0.125,27.3956043956044,11.3134300085456,1.02656776784011e-06,4.36291301332046e-05,3.78209177625303e-05,"116519/341/346/6288/3990",5,"Downres_DEq_MS_C_vs_D"
"GO:0072562","GO:0072562","blood microparticle","7/91","145/19944",0.0482758620689655,10.5803713527851,7.83876394251148,4.51380931919523e-06,0.000153469516852638,0.000133038590460491,"3273/3827/3697/590/3310/197/3043",7,"Downres_DEq_MS_C_vs_D"
"GO:0034361","GO:0034361","very-low-density lipoprotein particle","3/91","21/19944",0.142857142857143,31.309262166405,9.40828605836313,0.000115153726965839,0.00279659051202751,0.0024242889887545,"116519/341/346",3,"Downres_DEq_MS_C_vs_D"
"GO:0034385","GO:0034385","triglyceride-rich plasma lipoprotein particle","3/91","21/19944",0.142857142857143,31.309262166405,9.40828605836313,0.000115153726965839,0.00279659051202751,0.0024242889887545,"116519/341/346",3,"Downres_DEq_MS_C_vs_D"
"GO:0005641","GO:0005641","nuclear envelope lumen","2/91","11/19944",0.181818181818182,39.8481518481519,8.72535772440877,0.00110258681947902,0.0234299699139292,0.0203108098325083,"6653/590",2,"Downres_DEq_MS_C_vs_D"
"GO:0042627","GO:0042627","chylomicron","2/91","13/19944",0.153846153846154,33.7176669484362,7.98899829072502,0.00155440734476072,0.0293610276232581,0.0254522840077779,"116519/341",2,"Downres_DEq_MS_C_vs_D"
