"","ID","Description","GeneRatio","BgRatio","RichFactor","FoldEnrichment","zScore","pvalue","p.adjust","qvalue","geneID","Count","name"
"GO:0106068","GO:0106068","SUMO ligase complex","5/338","13/19944",0.384615384615385,22.6945835229859,10.2734791641963,1.56235820045075e-06,0.000489018116741084,0.00044732782160274,"197370/56160/23137/286053/79677",5,"Upres_DEq_MS_BD_vs_BM1"
"GO:0072562","GO:0072562","blood microparticle","11/338","145/19944",0.0758620689655172,4.47631095694756,5.51620104465632,3.7794412547244e-05,0.00591482556364369,0.00541056853307914,"7018/3273/5627/3827/7037/2638/197/590/3043/3697/173",11,"Upres_DEq_MS_BD_vs_BM1"
"GO:0045178","GO:0045178","basal part of cell","15/338","319/19944",0.0470219435736677,2.7745729071989,4.19511094901252,0.000383600862924585,0.0400223566984651,0.0366103279703464,"7018/3248/7037/6580/10991/10864/8671/9123/4233/10351/55244/6554/133308/3077/491",15,"Upres_DEq_MS_BD_vs_BM1"
"GO:0005796","GO:0005796","Golgi lumen","8/338","109/19944",0.073394495412844,4.3307095163129,4.57818143649102,0.000539365111470793,0.0401719087182891,0.036747130221539,"5046/5627/2158/2817/6382/10082/6383/1672",8,"Upres_DEq_MS_BD_vs_BM1"
"GO:0009925","GO:0009925","basal plasma membrane","14/338","300/19944",0.0466666666666667,2.75360946745562,4.0182563689879,0.000641723781442317,0.0401719087182891,0.036747130221539,"7018/3248/7037/6580/10991/10864/8671/9123/4233/10351/55244/6554/133308/491",14,"Upres_DEq_MS_BD_vs_BM1"
