"","ID","Description","GeneRatio","BgRatio","RichFactor","FoldEnrichment","zScore","pvalue","p.adjust","qvalue","geneID","Count","name"
"GO:0042627","GO:0042627","chylomicron","4/326","13/19944",0.307692307692308,18.8239735724398,8.28682830366478,4.45980711120639e-05,0.0143605788980846,0.0133324759956065,"116519/350/341/344",4,"Downres_DEq_MS_B2_vs_BD"
"GO:0016324","GO:0016324","apical plasma membrane","18/326","425/19944",0.0423529411764706,2.59106459761819,4.27395726157382,0.00023871366997224,0.0180673251737902,0.0167738488046957,"2195/7018/10327/4647/10864/6580/6567/10991/55244/5244/9123/9154/55107/4891/81693/3084/1579/64116",18,"Downres_DEq_MS_B2_vs_BD"
"GO:0034358","GO:0034358","plasma lipoprotein particle","5/326","37/19944",0.135135135135135,8.26728569059857,5.70357119258949,0.000321057159507608,0.0180673251737902,0.0167738488046957,"116519/350/341/344/4018",5,"Downres_DEq_MS_B2_vs_BD"
"GO:1990777","GO:1990777","lipoprotein particle","5/326","37/19944",0.135135135135135,8.26728569059857,5.70357119258949,0.000321057159507608,0.0180673251737902,0.0167738488046957,"116519/350/341/344/4018",5,"Downres_DEq_MS_B2_vs_BD"
"GO:0034361","GO:0034361","very-low-density lipoprotein particle","4/326","21/19944",0.19047619047619,11.6529360210342,6.29619656688426,0.000336658233051991,0.0180673251737902,0.0167738488046957,"116519/350/341/344",4,"Downres_DEq_MS_B2_vs_BD"
"GO:0034385","GO:0034385","triglyceride-rich plasma lipoprotein particle","4/326","21/19944",0.19047619047619,11.6529360210342,6.29619656688426,0.000336658233051991,0.0180673251737902,0.0167738488046957,"116519/350/341/344",4,"Downres_DEq_MS_B2_vs_BD"
"GO:0032994","GO:0032994","protein-lipid complex","5/326","40/19944",0.125,7.64723926380368,5.42472597350801,0.000465634289096799,0.0214191772984528,0.0198857350531565,"116519/350/341/344/4018",5,"Downres_DEq_MS_B2_vs_BD"
"GO:0072562","GO:0072562","blood microparticle","9/326","145/19944",0.0620689655172414,3.797249841337,4.3578302652717,0.00064720271966665,0.0260499094665827,0.0241849437349117,"5627/3273/7018/3827/2638/197/3697/3043/590",9,"Downres_DEq_MS_B2_vs_BD"
"GO:0034364","GO:0034364","high-density lipoprotein particle","4/326","27/19944",0.148148148148148,9.06339468302659,5.40461195934946,0.000913828698402039,0.0326947600983841,0.0303540760638806,"116519/350/341/344",4,"Downres_DEq_MS_B2_vs_BD"
