"","ID","Description","GeneRatio","BgRatio","RichFactor","FoldEnrichment","zScore","pvalue","p.adjust","qvalue","geneID","Count","name"
"GO:0031012","GO:0031012","extracellular matrix","7/16","496/19944",0.0141129032258065,17.5917338709677,10.602749895203,5.31383433466415e-08,1.1313911534653e-06,8.22314372192822e-07,"3912/5118/1292/1293/7148/7059/6278",7,"Upres_DEq_MS_BM2_vs_DM"
"GO:0030312","GO:0030312","external encapsulating structure","7/16","497/19944",0.0140845070422535,17.556338028169,10.5910629827317,5.38757692126331e-08,1.1313911534653e-06,8.22314372192822e-07,"3912/5118/1292/1293/7148/7059/6278",7,"Upres_DEq_MS_BM2_vs_DM"
"GO:0005581","GO:0005581","collagen trimer","3/16","86/19944",0.0348837209302326,43.4825581395349,11.1870482593504,4.16273715072967e-05,0.000582783201102154,0.000423576762705826,"10584/1292/1293",3,"Upres_DEq_MS_BM2_vs_DM"
"GO:0098637","GO:0098637","protein complex involved in cell-matrix adhesion","2/16","17/19944",0.117647058823529,146.647058823529,17.0227059787833,8.14888570518292e-05,0.000843521359425614,0.000613085699833153,"3912/7148",2,"Upres_DEq_MS_BM2_vs_DM"
"GO:0005788","GO:0005788","endoplasmic reticulum lumen","4/16","319/19944",0.0125391849529781,15.6300940438871,7.46381738884987,0.00010041920945543,0.000843521359425614,0.000613085699833153,"2326/3912/1292/1293",4,"Upres_DEq_MS_BM2_vs_DM"
"GO:0098636","GO:0098636","protein complex involved in cell adhesion","2/16","57/19944",0.0350877192982456,43.7368421052632,9.15542686875479,0.000938568198615753,0.00656997739031027,0.00477517153681699,"3912/7148",2,"Upres_DEq_MS_BM2_vs_DM"
"GO:0042383","GO:0042383","sarcolemma","2/16","139/19944",0.0143884892086331,17.9352517985612,5.67721071407529,0.00542825166701219,0.0325695100020732,0.0236720749388502,"1292/1293",2,"Upres_DEq_MS_BM2_vs_DM"
"GO:0043256","GO:0043256","laminin complex","1/16","10/19944",0.1,124.65,11.0820542651526,0.00799536047265448,0.041975642481436,0.0305086123298658,"3912",1,"Upres_DEq_MS_BM2_vs_DM"
