"","ID","Description","GeneRatio","BgRatio","RichFactor","FoldEnrichment","zScore","pvalue","p.adjust","qvalue","geneID","Count","name"
"GO:0098798","GO:0098798","mitochondrial protein-containing complex","4/54","176/19944",0.0227272727272727,8.39393939393939,5.13364209154535,0.00131413101082937,0.0403022049055386,0.0324211147721064,"65008/83943/51263/6183",4,"Upres_DEq_MS_BT_vs_B2"
"GO:0034361","GO:0034361","very-low-density lipoprotein particle","2/54","21/19944",0.0952380952380952,35.1746031746032,8.16414093567308,0.00146201792135342,0.0403022049055386,0.0324211147721064,"7436/8542",2,"Upres_DEq_MS_BT_vs_B2"
"GO:0034385","GO:0034385","triglyceride-rich plasma lipoprotein particle","2/54","21/19944",0.0952380952380952,35.1746031746032,8.16414093567308,0.00146201792135342,0.0403022049055386,0.0324211147721064,"7436/8542",2,"Upres_DEq_MS_BT_vs_B2"
"GO:0000313","GO:0000313","organellar ribosome","3/54","86/19944",0.0348837209302326,12.8837209302326,5.75451398660809,0.00163830101242027,0.0403022049055386,0.0324211147721064,"65008/51263/6183",3,"Upres_DEq_MS_BT_vs_B2"
"GO:0005761","GO:0005761","mitochondrial ribosome","3/54","86/19944",0.0348837209302326,12.8837209302326,5.75451398660809,0.00163830101242027,0.0403022049055386,0.0324211147721064,"65008/51263/6183",3,"Upres_DEq_MS_BT_vs_B2"
