"","ID","Description","GeneRatio","BgRatio","RichFactor","FoldEnrichment","zScore","pvalue","p.adjust","qvalue","geneID","Count","name"
"GO:0034364","GO:0034364","high-density lipoprotein particle","5/96","27/19944",0.185185185185185,38.4722222222222,13.5503918656931,1.72664458513566e-07,3.22882537420368e-05,2.88985777933231e-05,"116519/341/346/6288/3990",5,"Downres_DEq_MS_CTRL_vs_HDV"
"GO:0072562","GO:0072562","blood microparticle","8/96","145/19944",0.0551724137931034,11.4620689655172,8.79331107887296,4.97093349953325e-07,4.19579512670429e-05,3.75531339795092e-05,"3273/3827/3697/590/3310/197/3043/713",8,"Downres_DEq_MS_CTRL_vs_HDV"
"GO:0034358","GO:0034358","plasma lipoprotein particle","5/96","37/19944",0.135135135135135,28.0743243243243,11.4637858965065,8.97496283787013e-07,4.19579512670429e-05,3.75531339795092e-05,"116519/341/346/6288/3990",5,"Downres_DEq_MS_CTRL_vs_HDV"
"GO:1990777","GO:1990777","lipoprotein particle","5/96","37/19944",0.135135135135135,28.0743243243243,11.4637858965065,8.97496283787013e-07,4.19579512670429e-05,3.75531339795092e-05,"116519/341/346/6288/3990",5,"Downres_DEq_MS_CTRL_vs_HDV"
"GO:0032994","GO:0032994","protein-lipid complex","5/96","40/19944",0.125,25.96875,10.9933258426482,1.33944974017525e-06,5.00954202825542e-05,4.48363176184977e-05,"116519/341/346/6288/3990",5,"Downres_DEq_MS_CTRL_vs_HDV"
"GO:0034361","GO:0034361","very-low-density lipoprotein particle","3/96","21/19944",0.142857142857143,29.6785714285714,9.14454874663446,0.000134976122187671,0.00360579069272779,0.00322724863576537,"116519/341/346",3,"Downres_DEq_MS_CTRL_vs_HDV"
"GO:0034385","GO:0034385","triglyceride-rich plasma lipoprotein particle","3/96","21/19944",0.142857142857143,29.6785714285714,9.14454874663446,0.000134976122187671,0.00360579069272779,0.00322724863576537,"116519/341/346",3,"Downres_DEq_MS_CTRL_vs_HDV"
"GO:0005641","GO:0005641","nuclear envelope lumen","2/96","11/19944",0.181818181818182,37.7727272727273,8.48414994635545,0.00122594310545385,0.0286564200899837,0.0256480202325213,"6653/590",2,"Downres_DEq_MS_CTRL_vs_HDV"
"GO:0042627","GO:0042627","chylomicron","2/96","13/19944",0.153846153846154,31.9615384615385,7.76608517688119,0.00172773744110216,0.0358985446095671,0.0321298541678647,"116519/341",2,"Downres_DEq_MS_CTRL_vs_HDV"
