"","ID","Description","GeneRatio","BgRatio","RichFactor","FoldEnrichment","zScore","pvalue","p.adjust","qvalue","geneID","Count","name"
"GO:0030139","GO:0030139","endocytic vesicle","4/23","361/19944",0.0110803324099723,9.60809346019511,5.60821374514874,0.000711928193083934,0.0463469431024357,0.0309208664137822,"283/9332/3113/3043",4,"Downres_DEq_MS_CTRL_vs_HDV.myr"
"GO:0016324","GO:0016324","apical plasma membrane","4/23","425/19944",0.00941176470588235,8.16122762148338,5.07056968947886,0.00130554769302636,0.0463469431024357,0.0309208664137822,"55107/8647/5244/10991",4,"Downres_DEq_MS_CTRL_vs_HDV.myr"
