"","ID","Description","GeneRatio","BgRatio","pvalue","p.adjust","qvalue","geneID","Count"
"GO:0003725","GO:0003725","double-stranded RNA binding","4/10","70/18369",3.99069832525863e-08,1.79581424636639e-06,9.24161717428315e-07,"4939/4938/4940/55601",4
"GO:0070566","GO:0070566","adenylyltransferase activity","3/10","30/18369",4.6807932558053e-07,1.05317848255619e-05,5.41986587514297e-06,"4939/4938/4940",3
"GO:0016779","GO:0016779","nucleotidyltransferase activity","3/10","154/18369",6.64153493545676e-05,0.000996230240318514,0.000512679889754557,"4939/4938/4940",3
