"","ID","Description","GeneRatio","BgRatio","pvalue","p.adjust","qvalue","geneID","Count","name"
"hsa04610","hsa04610","Complement and coagulation cascades","4/12","86/8779",4.00263225320405e-06,0.000156102657874958,0.000139038804584983,"2243/2244/2266/718",4,"Downres_DEq_MS_CTRL.myr_vs_CTRL"
"hsa04979","hsa04979","Cholesterol metabolism","3/12","51/8779",3.91667426839515e-05,0.000763751482337055,0.000680264478194948,"336/348/350",3,"Downres_DEq_MS_CTRL.myr_vs_CTRL"
"hsa04613","hsa04613","Neutrophil extracellular trap formation","4/12","191/8779",9.37387544145052e-05,0.00121860380738857,0.0010853961037469,"2243/2244/2266/718",4,"Downres_DEq_MS_CTRL.myr_vs_CTRL"
"hsa05171","hsa05171","Coronavirus disease - COVID-19","4/12","233/8779",0.000202399775853347,0.00197339781457014,0.0017576822639896,"2243/2244/2266/718",4,"Downres_DEq_MS_CTRL.myr_vs_CTRL"
"hsa04611","hsa04611","Platelet activation","3/12","124/8779",0.000551307180088421,0.00430019600468969,0.00383013409324588,"2243/2244/2266",3,"Downres_DEq_MS_CTRL.myr_vs_CTRL"
"hsa05150","hsa05150","Staphylococcus aureus infection","2/12","96/8779",0.00727266896010151,0.0472723482406598,0.0421049255584824,"2266/718",2,"Downres_DEq_MS_CTRL.myr_vs_CTRL"
