"","ID","Description","GeneRatio","BgRatio","pvalue","p.adjust","qvalue","geneID","Count","name"
"hsa04142","hsa04142","Lysosome","10/25","132/8779",1.13042522875071e-12,7.34776398687961e-11,5.83061433776681e-11,"1508/5476/5660/3074/1509/2519/3073/3920/2517/10577",10,"Downres_DEq_MS_CTRL.myr_vs_HBV.myr"
"hsa00511","hsa00511","Other glycan degradation","4/25","18/8779",1.5236562573743e-07,4.95188283646647e-06,3.92942929533372e-06,"3074/2519/3073/2517",4,"Downres_DEq_MS_CTRL.myr_vs_HBV.myr"
"hsa05152","hsa05152","Tuberculosis","5/25","180/8779",0.000130500497126548,0.00282751077107521,0.00224369275761434,"1509/3929/3329/3313/3920",5,"Downres_DEq_MS_CTRL.myr_vs_HBV.myr"
"hsa00600","hsa00600","Sphingolipid metabolism","3/25","54/8779",0.000459800507811209,0.00747175825193215,0.00592900654809191,"5660/3074/3073",3,"Downres_DEq_MS_CTRL.myr_vs_HBV.myr"
"hsa00604","hsa00604","Glycosphingolipid biosynthesis - ganglio series","2/25","15/8779",0.000799164218784156,0.0098771588653945,0.00783774549642641,"3074/3073",2,"Downres_DEq_MS_CTRL.myr_vs_HBV.myr"
"hsa00603","hsa00603","Glycosphingolipid biosynthesis - globo and isoglobo series","2/25","16/8779",0.000911737741421031,0.0098771588653945,0.00783774549642641,"3074/3073",2,"Downres_DEq_MS_CTRL.myr_vs_HBV.myr"
"hsa00531","hsa00531","Glycosaminoglycan degradation","2/25","19/8779",0.00129244264575473,0.012001253139151,0.00952326160029798,"3074/3073",2,"Downres_DEq_MS_CTRL.myr_vs_HBV.myr"
"hsa04614","hsa04614","Renin-angiotensin system","2/25","23/8779",0.00189891611074562,0.0154286933998082,0.0122430117666494,"5476/290",2,"Downres_DEq_MS_CTRL.myr_vs_HBV.myr"
"hsa00513","hsa00513","Various types of N-glycan biosynthesis","2/25","42/8779",0.00625200196292873,0.0451533475100408,0.0358301866881296,"3074/3073",2,"Downres_DEq_MS_CTRL.myr_vs_HBV.myr"
