"","ID","Description","GeneRatio","BgRatio","pvalue","p.adjust","qvalue","geneID","Count","name"
"hsa01200","hsa01200","Carbon metabolism","8/47","116/8846",1.40804024824838e-07,1.52068346810825e-05,1.36357581935633e-05,"7167/26007/3417/226/2597/2821/7086/6888",8,"Downres_DEq_MS_HF_vs_MF"
"hsa01230","hsa01230","Biosynthesis of amino acids","6/47","75/8846",2.47196891864675e-06,0.000133486321606924,0.000119695337113422,"7167/3417/226/2597/7086/6888",6,"Downres_DEq_MS_HF_vs_MF"
"hsa00030","hsa00030","Pentose phosphate pathway","4/47","31/8846",1.98147338794527e-05,0.000713330419660296,0.000639633514705139,"226/2821/7086/6888",4,"Downres_DEq_MS_HF_vs_MF"
"hsa00010","hsa00010","Glycolysis / Gluconeogenesis","4/47","67/8846",0.000419676606477783,0.0113312683749001,0.0101605915252516,"7167/226/2597/2821",4,"Downres_DEq_MS_HF_vs_MF"
"hsa00051","hsa00051","Fructose and mannose metabolism","3/47","34/8846",0.000749469282324314,0.0161885364982052,0.0145160366260709,"7167/26007/226",3,"Downres_DEq_MS_HF_vs_MF"
