"","ID","Description","GeneRatio","BgRatio","pvalue","p.adjust","qvalue","geneID","Count","name"
"hsa00533","hsa00533","Glycosaminoglycan biosynthesis - keratan sulfate","1/4","14/8846",0.00631660095649822,0.0373294484854139,0.00357219602731234,"2683",1,"Downres_DEq_MS_OF_vs_HF"
"hsa00515","hsa00515","Mannose type O-glycan biosynthesis","1/4","23/8846",0.0103614400040895,0.0373294484854139,0.00357219602731234,"2683",1,"Downres_DEq_MS_OF_vs_HF"
"hsa00601","hsa00601","Glycosphingolipid biosynthesis - lacto and neolacto series","1/4","28/8846",0.0126032299660238,0.0373294484854139,0.00357219602731234,"2683",1,"Downres_DEq_MS_OF_vs_HF"
"hsa00052","hsa00052","Galactose metabolism","1/4","32/8846",0.0143939179242479,0.0373294484854139,0.00357219602731234,"2683",1,"Downres_DEq_MS_OF_vs_HF"
"hsa00513","hsa00513","Various types of N-glycan biosynthesis","1/4","42/8846",0.0188599819891023,0.0373294484854139,0.00357219602731234,"2683",1,"Downres_DEq_MS_OF_vs_HF"
"hsa00514","hsa00514","Other types of O-glycan biosynthesis","1/4","47/8846",0.0210873137447253,0.0373294484854139,0.00357219602731234,"2683",1,"Downres_DEq_MS_OF_vs_HF"
"hsa00510","hsa00510","N-Glycan biosynthesis","1/4","53/8846",0.023755103581627,0.0373294484854139,0.00357219602731234,"2683",1,"Downres_DEq_MS_OF_vs_HF"
"hsa05133","hsa05133","Pertussis","1/4","78/8846",0.0348122456400902,0.0478668377551241,0.00458055863685398,"710",1,"Downres_DEq_MS_OF_vs_HF"
"hsa04610","hsa04610","Complement and coagulation cascades","1/4","88/8846",0.0392086981912059,0.0479217422336961,0.00458581265394221,"710",1,"Downres_DEq_MS_OF_vs_HF"
