"","ID","Description","GeneRatio","BgRatio","pvalue","p.adjust","qvalue","geneID","Count"
"hsa04610","hsa04610","Complement and coagulation cascades","7/19","86/8746",3.17677528343487e-10,2.06490393423266e-08,1.67198699128151e-08,"720/2244/2266/2243/718/3080/5340",7
"hsa05150","hsa05150","Staphylococcus aureus infection","4/19","96/8746",4.65664465130387e-05,0.00151340951167376,0.0012254328029747,"720/2266/718/5340",4
"hsa05171","hsa05171","Coronavirus disease - COVID-19","5/19","233/8746",0.000110112672341342,0.00238577456739574,0.00193180126914635,"720/2244/2266/2243/718",5
"hsa04979","hsa04979","Cholesterol metabolism","3/19","51/8746",0.000169492203421208,0.00275424830559463,0.00223016057133168,"348/336/350",3
"hsa04613","hsa04613","Neutrophil extracellular trap formation","4/19","191/8746",0.000660566920370735,0.00858736996481955,0.00695333600390247,"2244/2266/2243/718",4
"hsa04611","hsa04611","Platelet activation","3/19","124/8746",0.00228331350547967,0.0247358963093631,0.020029065837541,"2244/2266/2243",3
"hsa04723","hsa04723","Retrograde endocannabinoid signaling","3/19","148/8746",0.00377139590670938,0.0350201048480157,0.0283563602008224,"59345/2559/4723",3
