"","ID","Description","GeneRatio","BgRatio","pvalue","p.adjust","qvalue","geneID","Count"
"hsa04610","hsa04610","Complement and coagulation cascades","24/54","86/8753",2.21832605131116e-35,2.55107495900783e-33,2.31172925347163e-33,"3827/718/5340/2147/2266/3053/716/721/2243/3080/1191/2244/720/710/717/3818/7448/715/722/629/2161/729/732/1361",24
"hsa05133","hsa05133","Pertussis","9/54","76/8753",6.70280910691037e-10,3.85411523647346e-08,3.49251632412698e-08,"718/716/721/720/710/717/715/722/929",9
"hsa05171","hsa05171","Coronavirus disease - COVID-19","13/54","233/8753",1.01638448019864e-09,3.89614050742811e-08,3.53059872069e-08,"718/2147/2266/716/721/2243/2244/720/717/715/629/729/732",13
"hsa05150","hsa05150","Staphylococcus aureus infection","9/54","96/8753",5.55692945118357e-09,1.59761721721528e-07,1.44772635701888e-07,"718/5340/2266/716/721/720/717/715/629",9
"hsa04979","hsa04979","Cholesterol metabolism","6/54","51/8753",6.03353224989461e-07,1.38771241747576e-05,1.25751514260961e-05,"348/341/350/335/336/55908",6
"hsa05322","hsa05322","Systemic lupus erythematosus","8/54","137/8753",1.66507387422158e-06,3.19139159225803e-05,2.89197041312169e-05,"718/716/721/720/717/715/729/732",8
"hsa05143","hsa05143","African trypanosomiasis","3/54","37/8753",0.00148696948661655,0.0244287844229862,0.02213683897369,"3827/335/3250",3
"hsa04936","hsa04936","Alcoholic liver disease","5/54","142/8753",0.00174880553062131,0.0251390795026813,0.0227804930962513,"718/721/720/717/929",5
"hsa04810","hsa04810","Regulation of actin cytoskeleton","6/54","229/8753",0.00271648231522447,0.0347106073612016,0.0314540057552307,"3827/2335/2147/729/732/26291",6
