"","ID","Description","GeneRatio","BgRatio","pvalue","p.adjust","qvalue","geneID","Count"
"hsa04614","hsa04614","Renin-angiotensin system","1/2","23/8746",0.00525293143891814,0.0259855914529314,NA,"290",1
"hsa04940","hsa04940","Type I diabetes mellitus","1/2","43/8746",0.00980945369193997,0.0259855914529314,NA,"3329",1
"hsa05134","hsa05134","Legionellosis","1/2","56/8746",0.0127655841232722,0.0259855914529314,NA,"3329",1
"hsa00480","hsa00480","Glutathione metabolism","1/2","57/8746",0.0129927957264657,0.0259855914529314,NA,"290",1
"hsa03018","hsa03018","RNA degradation","1/2","78/8746",0.0177581988963148,0.0284131182341037,NA,"3329",1
"hsa04640","hsa04640","Hematopoietic cell lineage","1/2","99/8746",0.0225120702078362,0.0300160936104482,NA,"290",1
"hsa05152","hsa05152","Tuberculosis","1/2","180/8746",0.0407404080630437,0.0465604663577642,NA,"3329",1
"hsa05417","hsa05417","Lipid and atherosclerosis","1/2","215/8746",0.0485637671887772,0.0485637671887772,NA,"3329",1
