"","ID","Description","GeneRatio","BgRatio","pvalue","p.adjust","qvalue","geneID","Count"
"hsa04610","hsa04610","Complement and coagulation cascades","22/51","86/8746",4.75429863161059e-32,5.03955654950723e-30,4.654208134103e-30,"718/720/3827/715/2266/5340/1191/721/3053/2244/716/2243/7448/710/3080/2147/629/722/732/3818/1361/3075",22
"hsa04979","hsa04979","Cholesterol metabolism","8/51","51/8746",3.96682209941118e-10,2.10241571268793e-08,1.94165502760652e-08,"348/350/336/335/341/338/4018/344",8
"hsa05150","hsa05150","Staphylococcus aureus infection","9/51","96/8746",3.28863892010294e-09,1.16198575176971e-07,1.07313480550728e-07,"718/720/715/2266/5340/721/716/629/3075",9
"hsa05171","hsa05171","Coronavirus disease - COVID-19","12/51","233/8746",6.10223342601639e-09,1.61709185789434e-07,1.49344133847243e-07,"718/720/715/2266/721/2244/716/2243/2147/629/6217/732",12
"hsa05133","hsa05133","Pertussis","7/51","76/8746",2.40805524981591e-07,5.10507712960972e-06,4.71471869963956e-06,"718/720/715/721/716/710/722",7
"hsa05322","hsa05322","Systemic lupus erythematosus","6/51","137/8746",0.000133607018212174,0.00236039065508174,0.00217990398135652,"718/720/715/721/716/732",6
"hsa04977","hsa04977","Vitamin digestion and absorption","3/51","26/8746",0.000441876140230712,0.00669126726635078,0.00617962120924154,"335/686/338",3
"hsa05143","hsa05143","African trypanosomiasis","3/51","37/8746",0.00126223902724371,0.0167246671109792,0.0154458196754822,"3827/335/3250",3
