"","ID","Description","GeneRatio","BgRatio","pvalue","p.adjust","qvalue","geneID","Count"
"hsa04142","hsa04142","Lysosome","2/4","132/8746",0.001329781359309,0.019946720389635,0.00559907940761684,"5476/1520",2
"hsa00430","hsa00430","Taurine and hypotaurine metabolism","1/4","16/8746",0.0072988234821928,0.0307338414036318,0.00862704320101945,"570",1
"hsa00120","hsa00120","Primary bile acid biosynthesis","1/4","17/8746",0.00775366938208599,0.0307338414036318,0.00862704320101945,"570",1
"hsa04614","hsa04614","Renin-angiotensin system","1/4","23/8746",0.0104794632659101,0.0307338414036318,0.00862704320101945,"5476",1
"hsa04977","hsa04977","Vitamin digestion and absorption","1/4","26/8746",0.0118402522735046,0.0307338414036318,0.00862704320101945,"338",1
"hsa01040","hsa01040","Biosynthesis of unsaturated fatty acids","1/4","27/8746",0.0122935365614527,0.0307338414036318,0.00862704320101945,"570",1
"hsa04975","hsa04975","Fat digestion and absorption","1/4","43/8746",0.0195248983422793,0.0418390678763128,0.0117442997547545,"338",1
"hsa04979","hsa04979","Cholesterol metabolism","1/4","51/8746",0.023125652419361,0.043360598286302,0.01217139601019,"338",1
