"ID","Description","GeneRatio","BgRatio","RichFactor","FoldEnrichment","zScore","pvalue","p.adjust","qvalue","geneID","Count","name"
"GO:0046942","carboxylic acid transport","5/24","356/18860",0.0140449438202247,11.0369850187266,6.82442515700979,7.36924978205908e-05,0.0213317610527541,0.0162088668856758,"8647/9962/5244/10991/28234",5,"Up_DM_vs_C"
"GO:0015849","organic acid transport","5/24","357/18860",0.0140056022408964,11.0060690943044,6.81313730469436,7.46760550277473e-05,0.0213317610527541,0.0162088668856758,"8647/9962/5244/10991/28234",5,"Up_DM_vs_C"
"GO:0032782","bile acid secretion","2/24","11/18860",0.181818181818182,142.878787878788,16.8011985847799,8.47619644480294e-05,0.0213317610527541,0.0162088668856758,"8647/5244",2,"Up_DM_vs_C"
"GO:0015711","organic anion transport","5/24","466/18860",0.0107296137339056,8.43168812589414,5.79846384421246,0.000259741596780694,0.049026226392356,0.0372524132224943,"8647/9962/5244/10991/28234",5,"Up_DM_vs_C"
