"ID","Description","GeneRatio","BgRatio","RichFactor","FoldEnrichment","zScore","pvalue","p.adjust","qvalue","geneID","Count","name"
"GO:0140588","chromatin looping","2/16","18/18860",0.111111111111111,130.972222222222,16.0751883823619,0.000102424284824501,0.042975647843891,0.0295252542438946,"23137/56160",2,"Down_DM_vs_res_DEq_MS_B2"
"GO:0018205","peptidyl-lysine modification","3/16","129/18860",0.0232558139534884,27.4127906976744,8.77124893745598,0.000164029190243859,0.042975647843891,0.0295252542438946,"23137/4706/56160",3,"Down_DM_vs_res_DEq_MS_B2"
