"ID","Description","GeneRatio","BgRatio","RichFactor","FoldEnrichment","zScore","pvalue","p.adjust","qvalue","geneID","Count","name"
"GO:0032543","mitochondrial translation","6/23","131/18860",0.0458015267175573,37.5572519083969,14.6713228396295,9.16909690166041e-09,4.19027728405881e-06,3.53251522737654e-06,"84545/65008/118487/65003/51650/54460",6,"Down_res_DEq_MS_B1_vs_BT"
"GO:0140053","mitochondrial gene expression","6/23","170/18860",0.0352941176470588,28.9411764705882,12.7873890219973,4.36454733613214e-08,9.97299066306194e-06,8.40749644749665e-06,"84545/65008/118487/65003/51650/54460",6,"Down_res_DEq_MS_B1_vs_BT"
