"ID","Description","GeneRatio","BgRatio","RichFactor","FoldEnrichment","zScore","pvalue","p.adjust","qvalue","geneID","Count","name"
"GO:0002181","cytoplasmic translation","8/26","208/18860",0.0384615384615385,27.8994082840237,14.4939384284708,2.51984993994359e-10,1.08605532411569e-07,8.7266382130678e-08,"7555/6124/6137/6143/6194/6141/6132/6129",8,"Up_BM1_vs_DM"
"GO:0000463","maturation of LSU-rRNA from tricistronic rRNA transcript (SSU-rRNA, 5.8S rRNA, LSU-rRNA)","3/26","17/18860",0.176470588235294,128.009049773756,19.465197952607,1.56139825540235e-06,0.000331573684577385,0.000266425063441103,"23560/6129/23029",3,"Up_BM1_vs_DM"
"GO:0042273","ribosomal large subunit biogenesis","4/26","69/18860",0.0579710144927536,42.0512820512821,12.6926131942966,2.30793747965697e-06,0.000331573684577385,0.000266425063441103,"23560/6129/23029/55153",4,"Up_BM1_vs_DM"
"GO:0000470","maturation of LSU-rRNA","3/26","27/18860",0.111111111111111,80.5982905982906,15.3780260157631,6.65514276438118e-06,0.000717091632862072,0.000576195255126686,"23560/6129/23029",3,"Up_BM1_vs_DM"
"GO:0042254","ribosome biogenesis","5/26","318/18860",0.0157232704402516,11.4054184808902,6.9529570074357,6.49303724214266e-05,0.00559699810272698,0.00449728263718934,"23560/6194/6129/23029/55153",5,"Up_BM1_vs_DM"
"GO:0006364","rRNA processing","4/26","223/18860",0.0179372197309417,13.0113832355985,6.70397172498056,0.000231860566189235,0.0166553173379267,0.0133828291712734,"23560/6194/6129/23029",4,"Up_BM1_vs_DM"
"GO:0016072","rRNA metabolic process","4/26","270/18860",0.0148148148148148,10.7464387464387,5.993256514334,0.000479113180317005,0.0276544038662332,0.0222207812235699,"23560/6194/6129/23029",4,"Up_BM1_vs_DM"
"GO:0022613","ribonucleoprotein complex biogenesis","5/26","496/18860",0.0100806451612903,7.31234491315136,5.29325283211155,0.000513306800301312,0.0276544038662332,0.0222207812235699,"23560/6194/6129/23029/55153",5,"Up_BM1_vs_DM"
