Group,Mean,STD
"siRNA
Ctrl",1.0,0.10419761445034553
"siRNA1
VTN",0.265,0.09516902257112268
"siRNA2
VTN",0.2414285714285714,0.057569833370313954
