Effect,Coefficient,p-value
Intercept,0.9997625671532002,7.901848208463907e-277
"Group[T.siRNA1
VTN]",-0.7365180384308478,1.4222618825387558e-162
"Group[T.siRNA2
VTN]",-0.7591577992001519,3.33511945543259e-160
