Group1,Group2,Difference,t-statistic,p-value,Adjusted p-value,Significant
"siRNA
Ctrl","siRNA1
VTN",0.735,9.021226761433567,1.1394263310648967e-08,2.2788526621297933e-08,True
"siRNA
Ctrl","siRNA2
VTN",0.7585714285714286,11.036980934869918,3.351012800578701e-10,1.0053038401736103e-09,True
"siRNA1
VTN","siRNA2
VTN",0.023571428571428604,0.3670596156823349,0.7172474343660222,0.7172474343660222,False
