Group,Mean,STD
"siRNA
Ctrl",1.0,0.1546312369838877
"siRNA1
VTN",0.3692657219200525,0.0921929425468224
"siRNA2
VTN",0.22904128648046124,0.1302340134775957
