Effect,Coefficient,p-value
Intercept,0.9914852059829762,6.570909348024938e-211
"Group[T.siRNA1
VTN]",-0.625783960927422,2.00316681162851e-289
"Group[T.siRNA2
VTN]",-0.7659567714254119,0.0
