Group1,Group2,Difference,t-statistic,p-value,Adjusted p-value,Significant
"siRNA
Ctrl","siRNA1
VTN",0.6307342780799474,7.834107402996773,2.3876456367588617e-12,4.775291273517723e-12,True
"siRNA
Ctrl","siRNA2
VTN",0.7709587135195388,8.527165229966446,6.150635556423367e-14,1.8451906669270102e-13,True
"siRNA1
VTN","siRNA2
VTN",0.1402244354395913,1.9650598226631533,0.05177730123066571,0.05177730123066571,False
