Group,Mean,STD
"siRNA
Ctrl",1.0,0.09392465772456335
"siRNA1
VTN",0.7734978011250259,0.07515443852744252
"siRNA2
VTN",0.9587678912243369,0.16887345367601372
