Effect,Coefficient,p-value
Intercept,1.000000000000001,7.749464025155004e-132
"Group[T.siRNA1
VTN]",-0.22352756089827103,8.12240822768472e-05
"Group[T.siRNA2
VTN]",-0.024319159760971733,0.6681100067480201
