Group,Mean,STD
"siRNA
Ctrl",1.0,0.055835613253733686
"siRNA1
VTN",0.9583657597127141,0.0914175702006165
"siRNA2
VTN",0.9063063921554374,0.07445272646437846
