Effect,Coefficient,p-value
Intercept,0.999999011778788,0.0
"Group[T.siRNA1
VTN]",-0.03911855225543244,0.12588370812183755
"Group[T.siRNA2
VTN]",-0.0908288297015802,0.0003798027076278538
