Group1,Group2,Difference,t-statistic,p-value,Adjusted p-value,Significant
"siRNA
Ctrl","siRNA1
VTN",0.041634240287285906,0.6731919891224095,0.5034988381085026,0.8949862612516641,False
"siRNA
Ctrl","siRNA2
VTN",0.0936936078445626,1.7437771347270825,0.0864963100415892,0.2594889301247676,False
"siRNA1
VTN","siRNA2
VTN",0.05205936755727669,0.7647969882333996,0.44749313062583207,0.8949862612516641,False
