Group,Mean,STD
"siRNA
Ctrl",1.0,0.162389743454008
"siRNA1
VTN",3.0887794140639913,0.45343043471162503
"siRNA2
VTN",2.4141036659307864,0.3393563762006006
