Effect,Coefficient,p-value
Intercept,0.9999999999999994,1.2459321719939815e-17
"Group[T.siRNA1
VTN]",2.1515790110191455,6.247144671795877e-41
"Group[T.siRNA2
VTN]",1.4520306534218717,1.544133033153014e-19
