Group1,Group2,Difference,t-statistic,p-value,Adjusted p-value,Significant
"siRNA
Ctrl","siRNA1
VTN",-2.0887794140639913,-9.697550622243607,2.1742607714259066e-12,6.52278231427772e-12,True
"siRNA
Ctrl","siRNA2
VTN",-1.4141036659307864,-8.404988426722694,1.2751355527029773e-10,2.5502711054059546e-10,True
"siRNA1
VTN","siRNA2
VTN",0.6746757481332049,2.6637208284016696,0.010833581294599881,0.010833581294599881,True
