Group,Mean,STD
"siRNA
Ctrl",1.0,0.23817937116297258
"siRNA1
VTN",0.809824669356593,0.23539850994779185
"siRNA2
VTN",0.44703975556572945,0.1771454859806597
