Effect,Coefficient,p-value
Intercept,1.000839815870214,1.0782589188762523e-94
"Group[T.siRNA1
VTN]",-0.1736878564940211,0.001996018096870273
"Group[T.siRNA2
VTN]",-0.5293393314746653,4.521980279360794e-21
