Group1,Group2,Difference,t-statistic,p-value,Adjusted p-value,Significant
"siRNA
Ctrl","siRNA1
VTN",0.19017533064340697,1.269858360671072,0.20873284837043937,0.20873284837043937,False
"siRNA
Ctrl","siRNA2
VTN",0.5529602444342705,4.165493562099358,9.48699860299218e-05,0.0002846099580897654,True
"siRNA1
VTN","siRNA2
VTN",0.3627849137908636,2.7535433418820157,0.0076644888641768105,0.015328977728353621,True
