Group,Mean,STD
"siRNA
Ctrl",1.0,0.21610182784974308
"siRNA1
VTN",3.3533333333333335,1.4812157169028417
"siRNA2
VTN",3.466666666666667,1.4674126890551273
