Effect,Coefficient,p-value
Intercept,0.9999999999999996,0.11163209209976538
"Group[T.siRNA1
VTN]",2.5212346900954405,0.00024043939845841536
"Group[T.siRNA2
VTN]",2.6355747254538975,0.00012365080619879438
