Group1,Group2,Difference,t-statistic,p-value,Adjusted p-value,Significant
"siRNA
Ctrl","siRNA1
VTN",-2.3533333333333335,-2.7230286868335085,0.011620914770225976,0.024095737976433274,True
"siRNA
Ctrl","siRNA2
VTN",-2.466666666666667,-2.8804460933976355,0.008031912658811091,0.024095737976433274,True
"siRNA1
VTN","siRNA2
VTN",-0.11333333333333329,-0.0941474332050924,0.9257425561604091,0.9257425561604091,False
