Group,Mean,STD
"siRNA
Ctrl",1.0,0.2872220954570347
"siRNA1
VTN",0.6735844976713241,0.31491243886169573
"siRNA2
VTN",0.42423792415169664,0.1928045277458815
