Effect,Coefficient,p-value
Intercept,0.9992290074412111,6.879573783486511e-177
"Group[T.siRNA1
VTN]",-0.3197933109443324,3.889617074600895e-11
"Group[T.siRNA2
VTN]",-0.5561038213884593,3.435862737518639e-31
