Group1,Group2,Difference,t-statistic,p-value,Adjusted p-value,Significant
"siRNA
Ctrl","siRNA1
VTN",0.3264155023286759,1.3264599049585897,0.18887953717282824,0.3777590743456565,False
"siRNA
Ctrl","siRNA2
VTN",0.5757620758483033,2.8827755046628893,0.005193366560081181,0.015580099680243542,True
"siRNA1
VTN","siRNA2
VTN",0.24934657351962747,1.1696257585808425,0.24600899365304052,0.3777590743456565,False
