Group,Mean,STD
"siRNA
Ctrl",1.0,0.10203957197934904
"siRNA1
VTN",2.5283351913786696,0.9096029626631743
"siRNA2
VTN",2.1727945001858044,0.6064534611373513
