Effect,Coefficient,p-value
Intercept,0.9999999999999987,0.001228980894263751
"Group[T.siRNA1
VTN]",1.5505986670655072,1.0523229952728081e-10
"Group[T.siRNA2
VTN]",1.1854859587806315,7.880310571796271e-07
