Group1,Group2,Difference,t-statistic,p-value,Adjusted p-value,Significant
"siRNA
Ctrl","siRNA1
VTN",-1.5283351913786696,-2.892089654923525,0.007813154238609066,0.01562630847721813,True
"siRNA
Ctrl","siRNA2
VTN",-1.1727945001858044,-3.3031097659160293,0.0028829728997834536,0.00864891869935036,True
"siRNA1
VTN","siRNA2
VTN",0.35554069119286513,0.5632955316976824,0.5782514735737854,0.5782514735737854,False
