Group,Mean,STD
"siRNA
Ctrl",1.0,0.28103145095752635
"siRNA1
VTN",0.7371766468825293,0.35395249360291353
"siRNA2
VTN",0.4143299557585272,0.18009854127018646
