Group1,Group2,Difference,t-statistic,p-value,Adjusted p-value,Significant
"siRNA
Ctrl","siRNA1
VTN",0.26282335311747074,1.1630574662732514,0.24751992461182892,0.24751992461182892,False
"siRNA
Ctrl","siRNA2
VTN",0.5856700442414728,3.5092378905414465,0.000670267309764494,0.002010801929293482,True
"siRNA1
VTN","siRNA2
VTN",0.32284669112400205,1.6258703384125188,0.10706306866757753,0.21412613733515506,False
