"","ID","Description","GeneRatio","BgRatio","pvalue","p.adjust","qvalue","geneID","Count","name"
"GO:0051287","GO:0051287","NAD binding","3/17","52/18369",1.41480179458142e-05,0.00141480179458142,0.000685061921586791,"216/7358/2597",3,"Downres_DEq_MS_HMF_vs_MF"
"GO:0016620","GO:0016620","oxidoreductase activity, acting on the aldehyde or oxo group of donors, NAD or NADP as acceptor","2/17","39/18369",0.000585454146883357,0.028035665273431,0.0135751642376613,"216/2597",2,"Downres_DEq_MS_HMF_vs_MF"
"GO:0016903","GO:0016903","oxidoreductase activity, acting on the aldehyde or oxo group of donors","2/17","48/18369",0.000886865021251277,0.028035665273431,0.0135751642376613,"216/2597",2,"Downres_DEq_MS_HMF_vs_MF"
"GO:0017069","GO:0017069","snRNA binding","2/17","54/18369",0.00112142661093724,0.028035665273431,0.0135751642376613,"3192/27258",2,"Downres_DEq_MS_HMF_vs_MF"
"GO:0003725","GO:0003725","double-stranded RNA binding","2/17","70/18369",0.00187616195749764,0.0331834938714577,0.0160677970324953,"7037/3192",2,"Downres_DEq_MS_HMF_vs_MF"
"GO:0001618","GO:0001618","virus receptor activity","2/17","77/18369",0.00226451479896803,0.0331834938714577,0.0160677970324953,"7037/50848",2,"Downres_DEq_MS_HMF_vs_MF"
"GO:0140272","GO:0140272","exogenous protein binding","2/17","78/18369",0.00232284457100204,0.0331834938714577,0.0160677970324953,"7037/50848",2,"Downres_DEq_MS_HMF_vs_MF"
"GO:0004553","GO:0004553","hydrolase activity, hydrolyzing O-glycosyl compounds","2/17","94/18369",0.00335173890718168,0.041896736339771,0.0202868407539944,"2548/2632",2,"Downres_DEq_MS_HMF_vs_MF"
