"","ID","Description","GeneRatio","BgRatio","pvalue","p.adjust","qvalue","geneID","Count","name"
"GO:0004857","GO:0004857","enzyme inhibitor activity","4/12","359/18369",6.27292462383703e-05,0.00414013025173244,0.00224504670747852,"2597/6050/7529/3958",4,"Downres_DEq_MS_OF_vs_MF"
"GO:0051287","GO:0051287","NAD binding","2/12","52/18369",0.00050943380155213,0.0168113154512203,0.00911618381724864,"7358/2597",2,"Downres_DEq_MS_OF_vs_MF"
"GO:0045296","GO:0045296","cadherin binding","3/12","333/18369",0.00115027852966454,0.0253061276526199,0.0137226210556472,"6709/1938/7529",3,"Downres_DEq_MS_OF_vs_MF"
"GO:0005200","GO:0005200","structural constituent of cytoskeleton","2/12","111/18369",0.00229578552501553,0.0378804611627562,0.0205412389080337,"6709/203068",2,"Downres_DEq_MS_OF_vs_MF"
