"","ID","Description","GeneRatio","BgRatio","pvalue","p.adjust","qvalue","geneID","Count","name"
"GO:0106068","GO:0106068","SUMO ligase complex","3/19","13/19518",2.22295426419116e-07,1.5338384422919e-05,1.16997592852166e-05,"79677/54780/197370",3,"Upres_DEq_MS_C_vs_B"
"GO:0000781","GO:0000781","chromosome, telomeric region","3/19","169/19518",0.000558026609531293,0.0192519180288296,0.0146849107771393,"79677/54780/197370",3,"Upres_DEq_MS_C_vs_B"
"GO:0000793","GO:0000793","condensed chromosome","3/19","270/19518",0.00215287947648151,0.0495162279590748,0.0377698153768687,"79677/54780/197370",3,"Upres_DEq_MS_C_vs_B"
