"","ID","Description","GeneRatio","BgRatio","pvalue","p.adjust","qvalue","geneID","Count","name"
"GO:0062023","GO:0062023","collagen-containing extracellular matrix","9/27","415/19518",2.72048141229337e-09,2.47563808518696e-07,1.91865531182795e-07,"2335/3339/255743/4811/6280/115908/1277/2312/2192",9,"Upres_DEq_MS_BM_vs_C"
"GO:0005604","GO:0005604","basement membrane","5/27","84/19518",9.80744077000225e-08,4.46238555035103e-06,3.45841332415869e-06,"2335/3339/255743/4811/2192",5,"Upres_DEq_MS_BM_vs_C"
"GO:0000786","GO:0000786","nucleosome","4/27","133/19518",3.20220698252708e-05,0.000971336118033215,0.000752799536243209,"3008/3009/3006/1058",4,"Upres_DEq_MS_BM_vs_C"
"GO:0044815","GO:0044815","DNA packaging complex","4/27","164/19518",7.25231284034382e-05,0.00164990117117822,0.00127869726395536,"3008/3009/3006/1058",4,"Upres_DEq_MS_BM_vs_C"
"GO:0000792","GO:0000792","heterochromatin","3/27","81/19518",0.000187436697298569,0.00341134789083396,0.00264384394084297,"3008/3009/1058",3,"Upres_DEq_MS_BM_vs_C"
"GO:0032993","GO:0032993","protein-DNA complex","4/27","225/19518",0.000245014124552159,0.00371604755570774,0.00287999058684116,"3008/3009/3006/1058",4,"Upres_DEq_MS_BM_vs_C"
"GO:0098636","GO:0098636","protein complex involved in cell adhesion","2/27","57/19518",0.00280641666835951,0.0364834166886737,0.0282751754556522,"3675/4811",2,"Upres_DEq_MS_BM_vs_C"
