"","ID","Description","GeneRatio","BgRatio","pvalue","p.adjust","qvalue","geneID","Count","name"
"GO:0005788","GO:0005788","endoplasmic reticulum lumen","2/3","312/19518",0.000756074049724101,0.0189018512431025,0.00397933710381106,"718/255738",2,"Downres_DEq_MS_HBV_vs_CTRL.myr"
"GO:0036020","GO:0036020","endolysosome membrane","1/3","20/19518",0.0030710937258619,0.037091933640257,0.00780882813479094,"255738",1,"Downres_DEq_MS_HBV_vs_CTRL.myr"
"GO:0036019","GO:0036019","endolysosome","1/3","29/19518",0.00445103203683084,0.037091933640257,0.00780882813479094,"255738",1,"Downres_DEq_MS_HBV_vs_CTRL.myr"
