"","ID","Description","GeneRatio","BgRatio","pvalue","p.adjust","qvalue","geneID","Count","name"
"GO:0002526","GO:0002526","acute inflammatory response","6/68","114/18614",3.7139950498604e-06,0.00533329689159954,0.00485165037565975,"6288/6289/8876/325/3929/3818",6,"Downres_DEq_MS_CTRL.myr_vs_HBV.myr"
"GO:0031293","GO:0031293","membrane protein intracellular domain proteolysis","3/68","12/18614",1.00197022357724e-05,0.00719414620528461,0.00654444761820715,"8754/51360/51107",3,"Downres_DEq_MS_CTRL.myr_vs_HBV.myr"
"GO:0006953","GO:0006953","acute-phase response","4/68","48/18614",2.80773546069532e-05,0.0134396937385283,0.0122259638832382,"6288/6289/325/3929",4,"Downres_DEq_MS_CTRL.myr_vs_HBV.myr"
"GO:0050727","GO:0050727","regulation of inflammatory response","8/68","414/18614",0.000128838041988123,0.046252857073736,0.0420757921334895,"6288/3606/7791/325/4907/221955/3929/3818",8,"Downres_DEq_MS_CTRL.myr_vs_HBV.myr"
