"","ID","Description","GeneRatio","BgRatio","pvalue","p.adjust","qvalue","geneID","Count","name"
"GO:0050727","GO:0050727","regulation of inflammatory response","5/20","414/18614",6.25105140567198e-05,0.0402965198293826,0.0276355718128142,"3673/3929/3606/3371/27293",5,"Downres_DEq_MS_HBV_vs_HBV.myr"
"GO:0002274","GO:0002274","myeloid leukocyte activation","4/20","240/18614",0.000111009696499677,0.0402965198293826,0.0276355718128142,"3929/8754/3606/3459",4,"Downres_DEq_MS_HBV_vs_HBV.myr"
"GO:0043588","GO:0043588","skin development","4/20","308/18614",0.000288891419697553,0.0433354826527014,0.0297197089962705,"3673/8754/3606/3925",4,"Downres_DEq_MS_HBV_vs_HBV.myr"
"GO:0014850","GO:0014850","response to muscle activity","2/20","24/18614",0.000298453737277558,0.0433354826527014,0.0297197089962705,"3673/54407",2,"Downres_DEq_MS_HBV_vs_HBV.myr"
"GO:0060143","GO:0060143","positive regulation of syncytium formation by plasma membrane fusion","2/20","24/18614",0.000298453737277558,0.0433354826527014,0.0297197089962705,"8754/9518",2,"Downres_DEq_MS_HBV_vs_HBV.myr"
"GO:0061436","GO:0061436","establishment of skin barrier","2/20","29/18614",0.000437617661036477,0.0485978272106324,0.0333286534299393,"3606/3925",2,"Downres_DEq_MS_HBV_vs_HBV.myr"
"GO:0060142","GO:0060142","regulation of syncytium formation by plasma membrane fusion","2/20","30/18614",0.000468574091562571,0.0485978272106324,0.0333286534299393,"8754/9518",2,"Downres_DEq_MS_HBV_vs_HBV.myr"
