"ID","Description","GeneRatio","BgRatio","RichFactor","FoldEnrichment","zScore","pvalue","p.adjust","qvalue","geneID","Count","name"
"GO:1904813","ficolin-1-rich granule lumen","8/196","125/19944",0.064,6.51232653061224,6.15900837190192,3.32454372542652e-05,0.0112702032291959,0.00990364078206006,"5717/5718/10213/10092/2934/4318/1520/2992",8,"Up_D1BM_vs_res_limma_deqMS_MS_D1C"
"GO:0034774","secretory granule lumen","11/196","327/19944",0.0336391437308868,3.42295450290208,4.40113368543931,0.000408053653923202,0.0251245699267785,0.022078103677312,"5717/5718/5768/10213/80184/10092/2934/1991/2992/1667/7042",11,"Up_D1BM_vs_res_limma_deqMS_MS_D1C"
"GO:0060205","cytoplasmic vesicle lumen","11/196","332/19944",0.0331325301204819,3.37140398328006,4.34085586476133,0.000463394354938343,0.0251245699267785,0.022078103677312,"5717/5718/5768/10213/80184/10092/2934/1991/2992/1667/7042",11,"Up_D1BM_vs_res_limma_deqMS_MS_D1C"
"GO:0031983","vesicle lumen","11/196","333/19944",0.033033033033033,3.36127964699393,4.32893825800224,0.00047518505668897,0.0251245699267785,0.022078103677312,"5717/5718/5768/10213/80184/10092/2934/1991/2992/1667/7042",11,"Up_D1BM_vs_res_limma_deqMS_MS_D1C"
"GO:0005778","peroxisomal membrane","5/196","66/19944",0.0757575757575758,7.708719851577,5.43859854652932,0.000478872311714916,0.0251245699267785,0.022078103677312,"23019/5191/5826/11001/10478",5,"Up_D1BM_vs_res_limma_deqMS_MS_D1C"
"GO:0031903","microbody membrane","5/196","66/19944",0.0757575757575758,7.708719851577,5.43859854652932,0.000478872311714916,0.0251245699267785,0.022078103677312,"23019/5191/5826/11001/10478",5,"Up_D1BM_vs_res_limma_deqMS_MS_D1C"
"GO:0101002","ficolin-1-rich granule","8/196","186/19944",0.043010752688172,4.37656352863726,4.60915833943931,0.000518796429166518,0.0251245699267785,0.022078103677312,"5717/5718/10213/10092/2934/4318/1520/2992",8,"Up_D1BM_vs_res_limma_deqMS_MS_D1C"
"GO:1990204","oxidoreductase complex","6/196","117/19944",0.0512820512820513,5.2182103610675,4.55884034134604,0.00105756344647923,0.0448142510445573,0.039380323072845,"32/10295/4724/4716/4537/6390",6,"Up_D1BM_vs_res_limma_deqMS_MS_D1C"
"GO:0005838","proteasome regulatory particle","3/196","22/19944",0.136363636363636,13.8756957328386,6.01973396883561,0.00125421295998679,0.0472420214928358,0.0415137155176914,"5717/5718/10213",3,"Up_D1BM_vs_res_limma_deqMS_MS_D1C"
