"ID","Description","GeneRatio","BgRatio","RichFactor","FoldEnrichment","zScore","pvalue","p.adjust","qvalue","geneID","Count","name"
"GO:0000813","ESCRT I complex","1/6","12/19944",0.0833333333333333,277,16.5903038371431,0.00360513354403569,0.0198282344921963,0.0113846322443232,"55048",1,"Down_res_limma_deqMS_MS_D3B_vs_D3BM"
"GO:0140268","endoplasmic reticulum-plasma membrane contact site","1/6","12/19944",0.0833333333333333,277,16.5903038371431,0.00360513354403569,0.0198282344921963,0.0113846322443232,"57488",1,"Down_res_limma_deqMS_MS_D3B_vs_D3BM"
"GO:0036452","ESCRT complex","1/6","30/19944",0.0333333333333333,110.8,10.4403195166765,0.00899252200413014,0.0329725806818105,0.0189316252718529,"55048",1,"Down_res_limma_deqMS_MS_D3B_vs_D3BM"
"GO:0044232","organelle membrane contact site","1/6","56/19944",0.0178571428571429,59.3571428571429,7.58616968607435,0.0167314352713652,0.0460114469962544,0.0264180556916293,"57488",1,"Down_res_limma_deqMS_MS_D3B_vs_D3BM"
