"","ID","Description","GeneRatio","BgRatio","pvalue","p.adjust","qvalue","geneID","Count"
"hsa04142","hsa04142","Lysosome","4/17","132/8773",0.000100116103212558,0.00620719839917861,0.00484772710292387,"5476/5660/3074/1508",4
"hsa04614","hsa04614","Renin-angiotensin system","2/17","23/8773",0.000873061091147754,0.0270648938255804,0.0211372685225246,"5476/290",2
