"","ID","Description","GeneRatio","BgRatio","pvalue","p.adjust","qvalue","geneID","Count"
"hsa04610","hsa04610","Complement and coagulation cascades","30/68","86/8773",2.5645536342422e-44,3.23133757914518e-42,2.99647845685142e-42,"2243/2266/2244/3080/5340/7448/718/720/727/2153/2147/3827/3818/717/722/715/3075/729/2159/1191/10747/3053/3426/716/5054/1361/710/721/730/2158",30
"hsa05150","hsa05150","Staphylococcus aureus infection","15/68","96/8773",3.44621954128004e-16,2.17111831100643e-14,2.01331773201097e-14,"2266/5340/718/720/727/717/715/3075/10747/3426/716/1828/3858/721/3861",15
"hsa05171","hsa05171","Coronavirus disease - COVID-19","15/68","233/8773",1.86991237351255e-10,7.85363196875272e-09,7.28281661262783e-09,"2243/2266/2244/718/720/727/2147/717/715/729/10747/716/721/730/6156",15
"hsa05133","hsa05133","Pertussis","10/68","76/8773",2.51496968431398e-10,7.92215450558903e-09,7.34635881470662e-09,"718/720/727/717/722/715/716/929/710/721",10
"hsa05322","hsa05322","Systemic lupus erythematosus","9/68","137/8773",9.58017932702796e-07,2.41420519041105e-05,2.23873664273706e-05,"718/720/727/717/715/729/716/721/730",9
"hsa04979","hsa04979","Cholesterol metabolism","5/68","51/8773",4.29638861654279e-05,0.000902241609473986,0.000836665151642544,"350/348/335/341/55908",5
"hsa05143","hsa05143","African trypanosomiasis","4/68","37/8773",0.00017983259938015,0.0032369867888427,0.0030017170723604,"3250/3827/335/8542",4
"hsa04936","hsa04936","Alcoholic liver disease","6/68","142/8773",0.00077642493340807,0.0122286927011771,0.0113398904747758,"718/720/727/717/929/721",6
"hsa04810","hsa04810","Regulation of actin cytoskeleton","7/68","229/8773",0.00188697917334488,0.0264177084268283,0.0244976243557054,"727/2147/3827/2335/729/2934/730",7
