"","ID","Description","GeneRatio","BgRatio","pvalue","p.adjust","qvalue","geneID","Count"
"hsa04142","hsa04142","Lysosome","3/4","132/8773",1.31745253827899e-05,0.000118570728445109,4.16037643667049e-05,"5476/5660/1508",3
"hsa04614","hsa04614","Renin-angiotensin system","1/4","23/8773",0.0104473328268522,0.0470129977208348,0.0164957886739771,"5476",1
