"","ID","Description","GeneRatio","BgRatio","pvalue","p.adjust","qvalue","geneID","Count"
"hsa00052","hsa00052","Galactose metabolism","2/12","32/8746",0.000836662740103044,0.0274010577795176,0.0188972812272535,"80201/231",2
"hsa00051","hsa00051","Fructose and mannose metabolism","2/12","34/8746",0.000944864061362677,0.0274010577795176,0.0188972812272535,"80201/231",2
