"","ID","Description","GeneRatio","BgRatio","pvalue","p.adjust","qvalue","geneID","Count"
"hsa04512","hsa04512","ECM-receptor interaction","4/23","89/8746",7.65314242132567e-05,0.00428575975594238,0.00346405393807372,"3371/375790/6385/3673",4
"hsa00910","hsa00910","Nitrogen metabolism","2/23","17/8746",0.000878395278017061,0.0245950677844777,0.0198794720814387,"771/761",2
