"","ID","Description","GeneRatio","BgRatio","RichFactor","FoldEnrichment","zScore","pvalue","p.adjust","qvalue","geneID","Count","name"
"GO:0035694","GO:0035694","mitochondrial protein catabolic process","1/4","10/18860",0.1,471.5,21.6754684218808,0.00211937298799525,0.0333288902297332,0.0130818124006089,"132671",1,"Upres_DEq_MS_BM2_vs_B1"
"GO:0032048","GO:0032048","cardiolipin metabolic process","1/4","13/18860",0.0769230769230769,362.692307692308,19.0000338428802,0.00275452745609761,0.0333288902297332,0.0130818124006089,"132671",1,"Upres_DEq_MS_BM2_vs_B1"
"GO:0070914","GO:0070914","UV-damage excision repair","1/4","13/18860",0.0769230769230769,362.692307692308,19.0000338428802,0.00275452745609761,0.0333288902297332,0.0130818124006089,"1643",1,"Upres_DEq_MS_BM2_vs_B1"
"GO:0016024","GO:0016024","CDP-diacylglycerol biosynthetic process","1/4","14/18860",0.0714285714285714,336.785714285714,18.3054825219328,0.00296617821697065,0.0333288902297332,0.0130818124006089,"132671",1,"Upres_DEq_MS_BM2_vs_B1"
"GO:0046341","GO:0046341","CDP-diacylglycerol metabolic process","1/4","15/18860",0.0666666666666667,314.333333333333,17.6814834424316,0.0031777952862232,0.0333288902297332,0.0130818124006089,"132671",1,"Upres_DEq_MS_BM2_vs_B1"
"GO:1903727","GO:1903727","positive regulation of phospholipid metabolic process","1/4","16/18860",0.0625,294.6875,17.1168343230921,0.0033893786674305,0.0333288902297332,0.0130818124006089,"132671",1,"Upres_DEq_MS_BM2_vs_B1"
"GO:0060706","GO:0060706","cell differentiation involved in embryonic placenta development","1/4","26/18860",0.0384615384615385,181.346153846154,13.4025308905522,0.00550336042354005,0.0463854664269804,0.0182066059124633,"3880",1,"Upres_DEq_MS_BM2_vs_B1"
