"","ID","Description","GeneRatio","BgRatio","pvalue","p.adjust","qvalue","geneID","Count"
"GO:0005518","GO:0005518","collagen binding","3/19","66/18369",4.11995879049826e-05,0.00300756991706373,0.00195155942707813,"960/8754/3673",3
"GO:0043236","GO:0043236","laminin binding","2/19","28/18369",0.000377054433384786,0.0137624868185447,0.00893023658016597,"8754/3673",2
"GO:0005080","GO:0005080","protein kinase C binding","2/19","49/18369",0.00115797100709462,0.0265873003283317,0.0172520333781532,"4082/8754",2
"GO:0050840","GO:0050840","extracellular matrix binding","2/19","55/18369",0.00145683837415516,0.0265873003283317,0.0172520333781532,"8754/3673",2
"GO:0098631","GO:0098631","cell adhesion mediator activity","2/19","62/18369",0.00184715732070744,0.0269684968823286,0.0174993851435441,"6282/3673",2
