"","ID","Description","GeneRatio","BgRatio","pvalue","p.adjust","qvalue","geneID","Count"
"GO:0048027","GO:0048027","mRNA 5'-UTR binding","1/1","26/18369",0.00141542816702034,0.00424628450106102,NA,"26156",1
"GO:0003730","GO:0003730","mRNA 3'-UTR binding","1/1","252/18369",0.013718765311122,0.0181283684468398,NA,"26156",1
"GO:0045296","GO:0045296","cadherin binding","1/1","333/18369",0.0181283684468398,0.0181283684468398,NA,"26156",1
