"ID","Description","GeneRatio","BgRatio","RichFactor","FoldEnrichment","zScore","pvalue","p.adjust","qvalue","geneID","Count","name"
"R-HSA-9013148","CDC42 GTPase cycle","10/99","129/10173",0.0775193798449612,7.9657035470989,7.89271262440966,4.53891978018871e-07,0.000220137609339152,0.000208790309888681,"26030/29062/644150/143872/9743/8773/8976/5296/10435/10652",10,"Down_D1C_vs_res_limma_deqMS_MS_D1B"
"R-HSA-9013406","RHOQ GTPase cycle","6/99","48/10173",0.125,12.844696969697,8.15392771157601,6.43083699103569e-06,0.00155947797032615,0.00147909250793821,"26030/9743/8773/11060/8976/10435",6,"Down_D1C_vs_res_limma_deqMS_MS_D1B"
"R-HSA-9012999","RHO GTPase cycle","14/99","380/10173",0.0368421052631579,3.78580542264753,5.48661517402552,1.70995374762773e-05,0.0027644252253315,0.00262192907969586,"23074/26030/29062/644150/143872/9743/8773/29984/11060/8976/5296/10435/10652/9352",14,"Down_D1C_vs_res_limma_deqMS_MS_D1B"
"R-HSA-9013409","RHOJ GTPase cycle","5/99","44/10173",0.113636363636364,11.6769972451791,7.03577565795531,6.33884114815654e-05,0.0076858448921398,0.00728966732038002,"9743/8773/11060/8976/5296",5,"Down_D1C_vs_res_limma_deqMS_MS_D1B"
"R-HSA-9013149","RAC1 GTPase cycle","8/99","153/10173",0.0522875816993464,5.37294513765102,5.40263568989351,0.000117339342032964,0.0113819161771975,0.0107952194670327,"26030/644150/143872/9743/8773/8976/5296/10652",8,"Down_D1C_vs_res_limma_deqMS_MS_D1B"
