"","ID","Description","GeneRatio","BgRatio","pvalue","p.adjust","qvalue","geneID","Count"
"R-HSA-6798695","R-HSA-6798695","Neutrophil degranulation","10/53","481/10955",8.62066038743071e-05,0.0186206264368503,0.0167876018071019,"8876/290/51071/3958/2896/10159/6317/6286/140885/6282",10
