"","ID","Description","GeneRatio","BgRatio","pvalue","p.adjust","qvalue","geneID","Count","name"
"hsa04512","hsa04512","ECM-receptor interaction","2/3","89/8866",0.000296986289476413,0.00445479434214619,0.00156308573408638,"3339/2335",2,"Upres_DEq_MS_BM_vs_CM"
"hsa05205","hsa05205","Proteoglycans in cancer","2/3","204/8866",0.00155665482922067,0.0100509336105702,0.00352664337212988,"3339/2335",2,"Upres_DEq_MS_BM_vs_CM"
"hsa04820","hsa04820","Cytoskeleton in muscle cells","2/3","232/8866",0.00201018672211403,0.0100509336105702,0.00352664337212988,"3339/2335",2,"Upres_DEq_MS_BM_vs_CM"
