"","ID","Description","GeneRatio","BgRatio","pvalue","p.adjust","qvalue","geneID","Count","name"
"hsa04512","hsa04512","ECM-receptor interaction","2/3","89/8865",0.000297053078267128,0.00445579617400692,0.00156343725403752,"3339/2335",2,"Upres_DEq_MS_BM_vs_CM"
"hsa05205","hsa05205","Proteoglycans in cancer","2/3","204/8865",0.00155700334988303,0.0100531814536843,0.00352743208901203,"3339/2335",2,"Upres_DEq_MS_BM_vs_CM"
"hsa04820","hsa04820","Cytoskeleton in muscle cells","2/3","232/8865",0.00201063629073686,0.0100531814536843,0.00352743208901203,"3339/2335",2,"Upres_DEq_MS_BM_vs_CM"
