"","ID","Description","GeneRatio","BgRatio","pvalue","p.adjust","qvalue","geneID","Count","name"
"hsa04512","hsa04512","ECM-receptor interaction","5/14","89/8865",1.69778415794493e-07,8.65869920551915e-06,6.43370838800184e-06,"2335/3339/3675/255743/1277",5,"Downres_DEq_MS_C_vs_BM"
"hsa04820","hsa04820","Cytoskeleton in muscle cells","6/14","232/8865",7.58801860760334e-07,1.93494474493885e-05,1.43772984144063e-05,"2335/3339/3675/4811/1277/2192",6,"Downres_DEq_MS_C_vs_BM"
"hsa05146","hsa05146","Amoebiasis","3/14","103/8865",0.000505204331249092,0.00858847363123457,0.00638152839472538,"2335/384/1277",3,"Downres_DEq_MS_C_vs_BM"
"hsa00330","hsa00330","Arginine and proline metabolism","2/14","50/8865",0.00271698385334698,0.0308028237153789,0.0228875470330989,"1152/384",2,"Downres_DEq_MS_C_vs_BM"
"hsa04510","hsa04510","Focal adhesion","3/14","203/8865",0.00357391369112669,0.0308028237153789,0.0228875470330989,"2335/3675/1277",3,"Downres_DEq_MS_C_vs_BM"
"hsa05205","hsa05205","Proteoglycans in cancer","3/14","204/8865",0.00362386161357399,0.0308028237153789,0.0228875470330989,"2335/3339/1277",3,"Downres_DEq_MS_C_vs_BM"
