"","ID","Description","GeneRatio","BgRatio","pvalue","p.adjust","qvalue","geneID","Count","name"
"hsa04512","hsa04512","ECM-receptor interaction","5/14","89/8866",1.6968403990171e-07,8.65388603498719e-06,6.43013203838058e-06,"2335/3339/3675/255743/1277",5,"Upres_DEq_MS_BM_vs_C"
"hsa04820","hsa04820","Cytoskeleton in muscle cells","6/14","232/8866",7.58303612533805e-07,1.9336742119612e-05,1.43678579216931e-05,"2335/3339/3675/4811/1277/2192",6,"Upres_DEq_MS_BM_vs_C"
"hsa05146","hsa05146","Amoebiasis","3/14","103/8866",0.000505038708422066,0.00858565804317513,0.00637943631691031,"2335/384/1277",3,"Upres_DEq_MS_BM_vs_C"
"hsa00330","hsa00330","Arginine and proline metabolism","2/14","50/8866",0.00271638422460671,0.0307930549698878,0.0228802885225173,"1152/384",2,"Upres_DEq_MS_BM_vs_C"
"hsa04510","hsa04510","Focal adhesion","3/14","203/8866",0.00357277988806201,0.0307930549698878,0.0228802885225173,"2335/3675/1277",3,"Upres_DEq_MS_BM_vs_C"
"hsa05205","hsa05205","Proteoglycans in cancer","3/14","204/8866",0.00362271234939857,0.0307930549698878,0.0228802885225173,"2335/3339/1277",3,"Upres_DEq_MS_BM_vs_C"
