"","ID","Description","GeneRatio","BgRatio","pvalue","p.adjust","qvalue","geneID","Count","name"
"GO:0005201","GO:0005201","extracellular matrix structural constituent","7/17","167/18369",8.15127355977030e-11,7.58068441058638e-09,4.03273534009689e-09,"375790/3911/3339/1293/10875/1280/80781",7,"Upres_DEq_MS_BFM_vs_CFM"
"GO:0030020","GO:0030020","extracellular matrix structural constituent conferring tensile strength","3/17","41/18369",6.86741221177097e-06,0.00031933466784735,0.000169878091554334,"1293/1280/80781",3,"Upres_DEq_MS_BFM_vs_CFM"
"GO:0043394","GO:0043394","proteoglycan binding","2/17","36/18369",0.000498567652376647,0.0154555972236761,0.00822199286375524,"375790/1280",2,"Upres_DEq_MS_BFM_vs_CFM"
