"","ID","Description","GeneRatio","BgRatio","RichFactor","FoldEnrichment","zScore","pvalue","p.adjust","qvalue","geneID","Count","name"
"R-HSA-3108214","R-HSA-3108214","SUMOylation of DNA damage response and repair proteins","2/2","64/10173",0.03125,158.953125,17.7746254393003,3.89641428996025e-05,0.000116892428698807,NA,"NSMCE2/NSMCE3",2,"Downres_DEq_MS_BM1_vs_B2"
"R-HSA-3108232","R-HSA-3108232","SUMO E3 ligases SUMOylate target proteins","2/2","141/10173",0.0141843971631206,72.1489361702128,11.9294535872048,0.000190761949612637,0.000207402885642676,NA,"NSMCE2/NSMCE3",2,"Downres_DEq_MS_BM1_vs_B2"
"R-HSA-2990846","R-HSA-2990846","SUMOylation","2/2","147/10173",0.0136054421768707,69.2040816326531,11.6799646722635,0.000207402885642676,0.000207402885642676,NA,"NSMCE2/NSMCE3",2,"Downres_DEq_MS_BM1_vs_B2"
