"","ID","Description","GeneRatio","BgRatio","RichFactor","FoldEnrichment","zScore","pvalue","p.adjust","qvalue","geneID","Count","name"
"R-HSA-1474244","R-HSA-1474244","Extracellular matrix organization","5/18","280/10173",0.0178571428571429,10.0922619047619,6.4951085366097,9.72778464618923e-05,0.00654723161763677,0.00450410463542355,"LAMB1/COL6A3/NID2/PCOLCE/CTSV",5,"Downres_DEq_MS_CTRL_vs_HBV.myr"
"R-HSA-2022090","R-HSA-2022090","Assembly of collagen fibrils and other multimeric structures","3/18","53/10173",0.0566037735849057,31.9905660377359,9.52306287259544,0.000103106009726563,0.00654723161763677,0.00450410463542355,"COL6A3/PCOLCE/CTSV",3,"Downres_DEq_MS_CTRL_vs_HBV.myr"
"R-HSA-1474290","R-HSA-1474290","Collagen formation","3/18","80/10173",0.0375,21.19375,7.63398490146675,0.000350965853214289,0.0125694410016651,0.00864702530574559,"COL6A3/PCOLCE/CTSV",3,"Downres_DEq_MS_CTRL_vs_HBV.myr"
"R-HSA-166663","R-HSA-166663","Initial triggering of complement","2/18","17/10173",0.117647058823529,66.4901960784314,11.3772910901452,0.000395887905564256,0.0125694410016651,0.00864702530574559,"COLEC10/C1QB",2,"Downres_DEq_MS_CTRL_vs_HBV.myr"
"R-HSA-3000157","R-HSA-3000157","Laminin interactions","2/18","24/10173",0.0833333333333333,47.0972222222222,9.5184934417712,0.000797546212012735,0.0202576737851235,0.013936070652012,"LAMB1/NID2",2,"Downres_DEq_MS_CTRL_vs_HBV.myr"
"R-HSA-1474228","R-HSA-1474228","Degradation of the extracellular matrix","3/18","128/10173",0.0234375,13.24609375,5.86985074713675,0.00138279475869715,0.0292691557257563,0.0201354324512041,"LAMB1/COL6A3/CTSV",3,"Downres_DEq_MS_CTRL_vs_HBV.myr"
