"","ID","Description","GeneRatio","BgRatio","RichFactor","FoldEnrichment","zScore","pvalue","p.adjust","qvalue","geneID","Count","name"
"R-HSA-1989781","R-HSA-1989781","PPARA activates gene expression","4/32","96/10173",0.0416666666666667,13.24609375,6.77181898533665,0.000218688057887673,0.0151348792949725,0.0119785352552216,"PLIN2/ABCB4/CYP7A1/APOA2",4,"Downres_DEq_MS_C_vs_B2"
"R-HSA-400206","R-HSA-400206","Regulation of lipid metabolism by PPARalpha","4/32","97/10173",0.0412371134020619,13.1095360824742,6.73142586062992,0.000227592169849211,0.0151348792949725,0.0119785352552216,"PLIN2/ABCB4/CYP7A1/APOA2",4,"Downres_DEq_MS_C_vs_B2"
"R-HSA-8963898","R-HSA-8963898","Plasma lipoprotein assembly","2/32","16/10173",0.125,39.73828125,8.71074673035359,0.00111913749048213,0.0496150954113745,0.03926798212218,"APOC1/APOA2",2,"Downres_DEq_MS_C_vs_B2"
