"","ID","Description","GeneRatio","BgRatio","RichFactor","FoldEnrichment","zScore","pvalue","p.adjust","qvalue","geneID","Count","name"
"R-HSA-166658","R-HSA-166658","Complement cascade","4/36","48/10173",0.0833333333333333,23.5486111111111,9.33130966883081,2.30027836849579e-05,0.00340441198537376,0.00251819947709012,"CRP/COLEC10/CFHR2/CFHR3",4,"Downres_DEq_MS_CTRL.myr_vs_HBV"
"R-HSA-2168880","R-HSA-2168880","Scavenging of heme from plasma","2/36","11/10173",0.181818181818182,51.3787878787879,9.96217494962401,0.00065639408256603,0.0474059479772152,0.0350655660713398,"HBB/CD163",2,"Downres_DEq_MS_CTRL.myr_vs_HBV"
"R-HSA-8963898","R-HSA-8963898","Plasma lipoprotein assembly","2/36","16/10173",0.125,35.3229166666667,8.18768552647493,0.00141628150261059,0.0474059479772152,0.0350655660713398,"APOC3/APOC2",2,"Downres_DEq_MS_CTRL.myr_vs_HBV"
"R-HSA-3108214","R-HSA-3108214","SUMOylation of DNA damage response and repair proteins","3/36","64/10173",0.046875,13.24609375,5.8564328964337,0.0014622091022211,0.0474059479772152,0.0350655660713398,"NSMCE3/NSMCE1/NSMCE2",3,"Downres_DEq_MS_CTRL.myr_vs_HBV"
"R-HSA-166663","R-HSA-166663","Initial triggering of complement","2/36","17/10173",0.117647058823529,33.2450980392157,7.9291479092485,0.00160155229652754,0.0474059479772152,0.0350655660713398,"CRP/COLEC10",2,"Downres_DEq_MS_CTRL.myr_vs_HBV"
