"","ID","Description","GeneRatio","BgRatio","RichFactor","FoldEnrichment","zScore","pvalue","p.adjust","qvalue","geneID","Count","name"
"R-HSA-211999","R-HSA-211999","CYP2E1 reactions","2/16","11/10173",0.181818181818182,115.602272727273,15.0931684309157,0.000126511714096508,0.0103739605559136,0.00759070284579047,"CYP2A7/CYP2A6",2,"Downres_DEq_MS_C_vs_BM1"
"R-HSA-211981","R-HSA-211981","Xenobiotics","2/16","25/10173",0.08,50.865,9.90731654716665,0.000681256973762567,0.0279315359242653,0.020437709212877,"CYP2A7/CYP2A6",2,"Downres_DEq_MS_C_vs_BM1"
