"","ID","Description","GeneRatio","BgRatio","RichFactor","FoldEnrichment","zScore","pvalue","p.adjust","qvalue","geneID","Count","name"
"R-HSA-6809371","R-HSA-6809371","Formation of the cornified envelope","4/33","119/10173",0.0336134453781513,10.3621084797555,5.8602868910844,0.000560401781925086,0.0429608279243213,0.0351364590369308,"KRT16/KRT6B/KRT14/KRT6A",4,"Downres_DEq_MS_CTRL_vs_HBV"
"R-HSA-3108232","R-HSA-3108232","SUMO E3 ligases SUMOylate target proteins","4/33","141/10173",0.0283687943262411,8.74532559638943,5.28319501786844,0.00105899620994187,0.0429608279243213,0.0351364590369308,"NSMCE3/NSMCE2/NSMCE1/MBD1",4,"Downres_DEq_MS_CTRL_vs_HBV"
"R-HSA-3108214","R-HSA-3108214","SUMOylation of DNA damage response and repair proteins","3/33","64/10173",0.046875,14.4502840909091,6.15755804300748,0.0011324476632197,0.0429608279243213,0.0351364590369308,"NSMCE3/NSMCE2/NSMCE1",3,"Downres_DEq_MS_CTRL_vs_HBV"
"R-HSA-2990846","R-HSA-2990846","SUMOylation","4/33","147/10173",0.0272108843537415,8.38837353123067,5.14736338834475,0.00123628281796608,0.0429608279243213,0.0351364590369308,"NSMCE3/NSMCE2/NSMCE1/MBD1",4,"Downres_DEq_MS_CTRL_vs_HBV"
