"","ID","Description","GeneRatio","BgRatio","RichFactor","FoldEnrichment","zScore","pvalue","p.adjust","qvalue","geneID","Count","name"
"R-HSA-5619115","R-HSA-5619115","Disorders of transmembrane transporters","4/15","149/10173",0.0268456375838926,18.206711409396,8.13046118894947,5.32125092062885e-05,0.00473591331935967,0.00308072421720617,"GCK/ABCB11/ABCB4/SLCO1B3",4,"Downres_DEq_MS_C_vs_DM"
"R-HSA-159418","R-HSA-159418","Recycling of bile acids and salts","2/15","16/10173",0.125,84.775,12.8865422697345,0.000240637442615478,0.0107083661963888,0.00696582070729015,"ABCB11/SLCO1B3",2,"Downres_DEq_MS_C_vs_DM"
"R-HSA-194068","R-HSA-194068","Bile acid and bile salt metabolism","2/15","41/10173",0.0487804878048781,33.0829268292683,7.9097547804828,0.00160971286541849,0.0477548150074151,0.0310646342449181,"ABCB11/SLCO1B3",2,"Downres_DEq_MS_C_vs_DM"
