"","ID","Description","GeneRatio","BgRatio","RichFactor","FoldEnrichment","zScore","pvalue","p.adjust","qvalue","geneID","Count","name"
"R-HSA-3108214","R-HSA-3108214","SUMOylation of DNA damage response and repair proteins","2/3","64/10173",0.03125,105.96875,14.4676915442156,0.000116417396379513,0.00104775656741561,0.000245089255535816,"NSMCE1/NSMCE2",2,"Downres_DEq_MS_BM2_vs_B2"
"R-HSA-3108232","R-HSA-3108232","SUMO E3 ligases SUMOylate target proteins","2/3","141/10173",0.0141843971631206,48.0992907801418,9.67238308345854,0.000567071826421993,0.00184888528545234,0.000432487786070724,"NSMCE1/NSMCE2",2,"Downres_DEq_MS_BM2_vs_B2"
"R-HSA-2990846","R-HSA-2990846","SUMOylation","2/3","147/10173",0.0136054421768707,46.1360544217687,9.46720401985615,0.000616295095150781,0.00184888528545234,0.000432487786070724,"NSMCE1/NSMCE2",2,"Downres_DEq_MS_BM2_vs_B2"
"R-HSA-8957275","R-HSA-8957275","Post-translational protein phosphorylation","1/3","91/10173",0.010989010989011,37.2637362637363,5.96792317477159,0.0265989964792689,0.0408906295563052,0.00956505954533454,"AHSG",1,"Downres_DEq_MS_BM2_vs_B2"
"R-HSA-114608","R-HSA-114608","Platelet degranulation","1/3","104/10173",0.00961538461538462,32.6057692307692,5.56407775832405,0.0303599036842067,0.0408906295563052,0.00956505954533454,"AHSG",1,"Downres_DEq_MS_BM2_vs_B2"
"R-HSA-381426","R-HSA-381426","Regulation of Insulin-like Growth Factor (IGF) transport and uptake by Insulin-like Growth Factor Binding Proteins (IGFBPs)","1/3","108/10173",0.00925925925925926,31.3981481481481,5.45450622866412,0.0315151538835828,0.0408906295563052,0.00956505954533454,"AHSG",1,"Downres_DEq_MS_BM2_vs_B2"
"R-HSA-76005","R-HSA-76005","Response to elevated platelet cytosolic Ca2+","1/3","109/10173",0.00917431192660551,31.1100917431193,5.42804376167038,0.0318038229882374,0.0408906295563052,0.00956505954533454,"AHSG",1,"Downres_DEq_MS_BM2_vs_B2"
