"","ID","Description","GeneRatio","BgRatio","pvalue","p.adjust","qvalue","geneID","Count","name"
"hsa04115","hsa04115","p53 signaling pathway","1/2","75/8866",0.0168479520043301,0.0390050912402312,0.00410579907791907,"5054",1,"Upres_DEq_MS_BFM_vs_CF"
"hsa04610","hsa04610","Complement and coagulation cascades","1/2","88/8866",0.019753708438824,0.0390050912402312,0.00410579907791907,"5054",1,"Upres_DEq_MS_BFM_vs_CF"
"hsa04512","hsa04512","ECM-receptor interaction","1/2","89/8866",0.0199770500409112,0.0390050912402312,0.00410579907791907,"375790",1,"Upres_DEq_MS_BFM_vs_CF"
"hsa04933","hsa04933","AGE-RAGE signaling pathway in diabetic complications","1/2","101/8866",0.0226551644596512,0.0390050912402312,0.00410579907791907,"5054",1,"Upres_DEq_MS_BFM_vs_CF"
"hsa05142","hsa05142","Chagas disease","1/2","103/8866",0.0231011606154883,0.0390050912402312,0.00410579907791907,"5054",1,"Upres_DEq_MS_BFM_vs_CF"
"hsa04066","hsa04066","HIF-1 signaling pathway","1/2","109/8866",0.0244385383733673,0.0390050912402312,0.00410579907791907,"5054",1,"Upres_DEq_MS_BFM_vs_CF"
"hsa04371","hsa04371","Apelin signaling pathway","1/2","140/8866",0.0313337300401326,0.0390050912402312,0.00410579907791907,"5054",1,"Upres_DEq_MS_BFM_vs_CF"
"hsa04218","hsa04218","Cellular senescence","1/2","157/8866",0.035104582116208,0.0390050912402312,0.00410579907791907,"5054",1,"Upres_DEq_MS_BFM_vs_CF"
"hsa04390","hsa04390","Hippo signaling pathway","1/2","157/8866",0.035104582116208,0.0390050912402312,0.00410579907791907,"5054",1,"Upres_DEq_MS_BFM_vs_CF"
