"","ID","Description","GeneRatio","BgRatio","pvalue","p.adjust","qvalue","geneID","Count","name"
"GO:0055102","GO:0055102","lipase inhibitor activity","3/18","16/18369",4.38919006164452e-07,4.25751435979518e-05,2.07909002920004e-05,"345/344/341",3,"Downres_DEq_MS_CTRL.myr_vs_CTRL"
"GO:0043178","GO:0043178","alcohol binding","3/18","88/18369",8.22969238441439e-05,0.00399140080644098,0.00194913766999288,"345/335/83758",3,"Downres_DEq_MS_CTRL.myr_vs_CTRL"
"GO:0004857","GO:0004857","enzyme inhibitor activity","4/18","359/18369",0.000353380145285613,0.00879028195909139,0.00429259563927414,"345/344/6694/341",4,"Downres_DEq_MS_CTRL.myr_vs_CTRL"
"GO:0070325","GO:0070325","lipoprotein particle receptor binding","2/18","29/18369",0.00036248585398315,0.00879028195909139,0.00429259563927414,"345/335",2,"Downres_DEq_MS_CTRL.myr_vs_CTRL"
"GO:0005504","GO:0005504","fatty acid binding","2/18","49/18369",0.00103784492318508,0.0174674620386968,0.00852995975845206,"341/83758",2,"Downres_DEq_MS_CTRL.myr_vs_CTRL"
"GO:0015485","GO:0015485","cholesterol binding","2/18","50/18369",0.00108046156940393,0.0174674620386968,0.00852995975845206,"345/335",2,"Downres_DEq_MS_CTRL.myr_vs_CTRL"
"GO:0032934","GO:0032934","sterol binding","2/18","59/18369",0.00150126183910826,0.0208031997705002,0.0101589147007326,"345/335",2,"Downres_DEq_MS_CTRL.myr_vs_CTRL"
"GO:0033293","GO:0033293","monocarboxylic acid binding","2/18","80/18369",0.00273909401807635,0.0332115149691757,0.0162183198438731,"341/83758",2,"Downres_DEq_MS_CTRL.myr_vs_CTRL"
"GO:0005496","GO:0005496","steroid binding","2/18","99/18369",0.00415883057002259,0.0448229516991323,0.0218885819474873,"345/335",2,"Downres_DEq_MS_CTRL.myr_vs_CTRL"
