"","ID","Description","GeneRatio","BgRatio","pvalue","p.adjust","qvalue","geneID","Count","name"
"GO:0005178","GO:0005178","integrin binding","4/26","151/18369",5.69802940073385e-05,0.00615387175279255,0.00401861020893861,"83706/8754/2670/87",4,"Downres_DEq_MS_CTRL_vs_CTRL.myr"
"GO:0043236","GO:0043236","laminin binding","2/26","28/18369",0.000711910562543463,0.038443170377347,0.025104214573901,"2817/8754",2,"Downres_DEq_MS_CTRL_vs_CTRL.myr"
"GO:0008201","GO:0008201","heparin binding","3/26","168/18369",0.00167377951130094,0.0469749262591109,0.0306756341068268,"10631/6372/51156",3,"Downres_DEq_MS_CTRL_vs_CTRL.myr"
"GO:0005080","GO:0005080","protein kinase C binding","2/26","49/18369",0.00217476510458847,0.0469749262591109,0.0306756341068268,"6385/8754",2,"Downres_DEq_MS_CTRL_vs_CTRL.myr"
"GO:0008009","GO:0008009","chemokine activity","2/26","49/18369",0.00217476510458847,0.0469749262591109,0.0306756341068268,"6372/6364",2,"Downres_DEq_MS_CTRL_vs_CTRL.myr"
"GO:0050840","GO:0050840","extracellular matrix binding","2/26","55/18369",0.00273192209028127,0.0491745976250629,0.032112066675236,"2817/8754",2,"Downres_DEq_MS_CTRL_vs_CTRL.myr"
