"","ID","Description","GeneRatio","BgRatio","pvalue","p.adjust","qvalue","geneID","Count","name"
"GO:0005178","GO:0005178","integrin binding","9/213","151/18369",6.81525044578575e-05,0.0330539646620609,0.0301305809182107,"3655/8754/3673/3678/977/3964/2670/8751/87",9,"Upres_DEq_MS_HBV.myr_vs_CTRL"
"GO:0016757","GO:0016757","glycosyltransferase activity","11/213","266/18369",0.000286982038905463,0.0467639180546733,0.0426279882430012,"2590/55830/26229/23275/11282/2683/133688/29071/84302/10610/420",11,"Upres_DEq_MS_HBV.myr_vs_CTRL"
"GO:0043236","GO:0043236","laminin binding","4/213","28/18369",0.000289261348791794,0.0467639180546733,0.0426279882430012,"8754/3673/3958/43",4,"Upres_DEq_MS_HBV.myr_vs_CTRL"
