"","ID","Description","GeneRatio","BgRatio","pvalue","p.adjust","qvalue","geneID","Count","name"
"GO:0043236","GO:0043236","laminin binding","2/19","28/18369",0.000377054433384786,0.0237626137690232,0.0151396154207073,"3673/8754",2,"Downres_DEq_MS_HBV_vs_HBV.myr"
"GO:0043394","GO:0043394","proteoglycan binding","2/19","36/18369",0.000625331941290084,0.0237626137690232,0.0151396154207073,"3673/3371",2,"Downres_DEq_MS_HBV_vs_HBV.myr"
"GO:0050840","GO:0050840","extracellular matrix binding","2/19","55/18369",0.00145683837415516,0.0369065721452641,0.0235138825302237,"3673/8754",2,"Downres_DEq_MS_HBV_vs_HBV.myr"
"GO:0005518","GO:0005518","collagen binding","2/19","66/18369",0.00209011335043552,0.0397121536582748,0.025301372136851,"3673/8754",2,"Downres_DEq_MS_HBV_vs_HBV.myr"
