"","ID","Description","GeneRatio","BgRatio","pvalue","p.adjust","qvalue","geneID","Count","name"
"GO:0050840","GO:0050840","extracellular matrix binding","4/75","55/18369",7.46638515821769e-05,0.0176953328249759,0.015482925012304,"3958/8754/3491/2817",4,"Downres_DEq_MS_CTRL_vs_HBV"
"GO:0043236","GO:0043236","laminin binding","3/75","28/18369",0.000199004741370912,0.0230783592830633,0.0201929237342371,"3958/8754/2817",3,"Downres_DEq_MS_CTRL_vs_HBV"
"GO:0005178","GO:0005178","integrin binding","5/75","151/18369",0.000381627743005637,0.0230783592830633,0.0201929237342371,"8751/8754/2670/3964/87",5,"Downres_DEq_MS_CTRL_vs_HBV"
"GO:0000217","GO:0000217","DNA secondary structure binding","3/75","35/18369",0.000389508173553811,0.0230783592830633,0.0201929237342371,"3184/3159/3005",3,"Downres_DEq_MS_CTRL_vs_HBV"
"GO:0005080","GO:0005080","protein kinase C binding","3/75","49/18369",0.00105243555641698,0.0498854453741646,0.0436483799187672,"8878/6385/8754",3,"Downres_DEq_MS_CTRL_vs_HBV"
