"","ID","Description","GeneRatio","BgRatio","pvalue","p.adjust","qvalue","geneID","Count"
"hsa04512","hsa04512","ECM-receptor interaction","4/15","89/8776",1.23879607980165e-05,0.000545070275112724,0.000456398555716396,"3339/7057/255743/3675",4
"hsa04820","hsa04820","Cytoskeleton in muscle cells","5/15","232/8776",2.99025287387636e-05,0.000657855632252799,0.000550836055714066,"3339/8572/7057/4703/3675",5
"hsa04610","hsa04610","Complement and coagulation cascades","3/15","86/8776",0.000379695401727401,0.00556886589200188,0.00466292598612598,"5054/2162/732",3
