"","ID","Description","GeneRatio","BgRatio","pvalue","p.adjust","qvalue","geneID","Count"
"hsa03010","hsa03010","Ribosome","3/8","170/8776",0.000372324653821013,0.00632951911495722,0.00509496894702439,"6209/25873/6227",3
"hsa05171","hsa05171","Coronavirus disease - COVID-19","3/8","233/8776",0.000937323574483377,0.0079672503831087,0.00641326656225468,"6209/25873/6227",3
