"","ID","Description","GeneRatio","BgRatio","RichFactor","FoldEnrichment","zScore","pvalue","p.adjust","qvalue","geneID","Count","name"
"GO:0003684","GO:0003684","damaged DNA binding","1/1","74/18662",0.0135135135135135,252.189189189189,15.8489491509434,0.00396527703354421,0.0118958311006326,NA,"1643",1,"Upres_DEq_MS_BM1_vs_B2"
"GO:0004842","GO:0004842","ubiquitin-protein transferase activity","1/1","455/18662",0.0021978021978022,41.0153846153846,6.32577146404963,0.0243810952738185,0.0259350551923696,NA,"1643",1,"Upres_DEq_MS_BM1_vs_B2"
"GO:0019787","GO:0019787","ubiquitin-like protein transferase activity","1/1","484/18662",0.00206611570247934,38.5578512396694,6.12844607055242,0.0259350551923696,0.0259350551923696,NA,"1643",1,"Upres_DEq_MS_BM1_vs_B2"
