"","ID","Description","GeneRatio","BgRatio","RichFactor","FoldEnrichment","zScore","pvalue","p.adjust","qvalue","geneID","Count","name"
"GO:0003735","GO:0003735","structural constituent of ribosome","9/43","175/18662",0.0514285714285714,22.32,13.6174726706987,1.95558227660649e-10,2.03380556767075e-08,1.68797628086034e-08,"6124/6137/55052/6143/6194/6132/6141/6129/6155",9,"Upres_DEq_MS_BM1_vs_DM"
"GO:0005201","GO:0005201","extracellular matrix structural constituent","6/43","175/18662",0.0342857142857143,14.88,8.86540903702147,2.8529773366725e-06,0.00014835482150697,0.000123128495582708,"3912/7148/1293/1292/5118/22795",6,"Upres_DEq_MS_BM1_vs_DM"
"GO:0005518","GO:0005518","collagen binding","4/43","72/18662",0.0555555555555556,24.1111111111111,9.44214981888289,2.24291760105886e-05,0.000777544768367072,0.000645330678199392,"7148/1292/5118/22795",4,"Upres_DEq_MS_BM1_vs_DM"
"GO:0043023","GO:0043023","ribosomal large subunit binding","2/43","17/18662",0.117647058823529,51.0588235294118,9.92310104713984,0.000689959802166877,0.0179389548563388,0.0148886062572852,"4706/56919",2,"Upres_DEq_MS_BM1_vs_DM"
