"","ID","Description","GeneRatio","BgRatio","RichFactor","FoldEnrichment","zScore","pvalue","p.adjust","qvalue","geneID","Count","name"
"GO:0008179","GO:0008179","adenylate cyclase binding","1/2","12/18662",0.0833333333333333,777.583333333333,27.8590244950014,0.00128565675833736,0.00385697027501208,NA,"9590",1,"Downres_DEq_MS_BM2_vs_B1"
"GO:0051018","GO:0051018","protein kinase A binding","1/2","55/18662",0.0181818181818182,169.654545454545,12.9678461962568,0.00588580240821401,0.00882870361232102,NA,"9590",1,"Downres_DEq_MS_BM2_vs_B1"
"GO:0005516","GO:0005516","calmodulin binding","1/2","206/18662",0.00485436893203883,45.2961165048544,6.61846241234443,0.0219556848990853,0.0219556848990853,NA,"9590",1,"Downres_DEq_MS_BM2_vs_B1"
