"","ID","Description","GeneRatio","BgRatio","RichFactor","FoldEnrichment","zScore","pvalue","p.adjust","qvalue","geneID","Count","name"
"GO:0003735","GO:0003735","structural constituent of ribosome","9/88","175/18662",0.0514285714285714,10.9063636363636,9.0626694806028,1.38076467321412e-07,3.52094991669601e-05,3.16849156590188e-05,"6124/6143/65993/6137/6129/55052/29088/51121/6193",9,"Upres_DEq_MS_CTRL_vs_HDV.myr"
"GO:0050840","GO:0050840","extracellular matrix binding","5/88","66/18662",0.0757575757575758,16.0657713498623,8.43936252184792,1.48121351014115e-05,0.00188854722542996,0.00169949760637248,"7057/3673/3491/3675/4052",5,"Upres_DEq_MS_CTRL_vs_HDV.myr"
"GO:0043236","GO:0043236","laminin binding","3/88","28/18662",0.107142857142857,22.7215909090909,7.91723748497547,0.00030476469856854,0.0259049993783259,0.0233118260659445,"7057/3673/3675",3,"Upres_DEq_MS_CTRL_vs_HDV.myr"
"GO:0043394","GO:0043394","proteoglycan binding","3/88","37/18662",0.0810810810810811,17.1947174447174,6.78706749852042,0.000701032375108984,0.0389409343179562,0.0350428222138884,"7057/3673/3371",3,"Upres_DEq_MS_CTRL_vs_HDV.myr"
"GO:0005178","GO:0005178","integrin binding","5/88","152/18662",0.0328947368421053,6.97592703349282,5.09190089849393,0.000763547731724632,0.0389409343179562,0.0350428222138884,"7057/3673/3491/3371/3675",5,"Upres_DEq_MS_CTRL_vs_HDV.myr"
