"","ID","Description","GeneRatio","BgRatio","RichFactor","FoldEnrichment","zScore","pvalue","p.adjust","qvalue","geneID","Count","name"
"GO:0061665","GO:0061665","SUMO ligase activity","1/3","14/18662",0.0714285714285714,444.333333333333,21.0407964638696,0.00224899514467036,0.00898923154569453,0.00473117449773396,"286053",1,"Downres_DEq_MS_BM1_vs_B2"
"GO:0019789","GO:0019789","SUMO transferase activity","1/3","28/18662",0.0357142857142857,222.166666666667,14.8501056706004,0.00449461577284727,0.00898923154569453,0.00473117449773396,"286053",1,"Downres_DEq_MS_BM1_vs_B2"
