"","ID","Description","GeneRatio","BgRatio","RichFactor","FoldEnrichment","zScore","pvalue","p.adjust","qvalue","geneID","Count","name"
"GO:0055102","GO:0055102","lipase inhibitor activity","3/42","20/18662",0.15,66.65,13.9510128826686,1.17656593208334e-05,0.00150600439306668,0.00122610555027633,"345/344/336",3,"Downres_DEq_MS_DM_vs_B2"
"GO:0008201","GO:0008201","heparin binding","4/42","170/18662",0.0235294117647059,10.4549019607843,5.88155024627113,0.000567939149772619,0.0270187821453172,0.0219971992794935,"5118/8828/7148/7059",4,"Downres_DEq_MS_DM_vs_B2"
"GO:0005201","GO:0005201","extracellular matrix structural constituent","4/42","175/18662",0.0228571428571429,10.1561904761905,5.77966791615176,0.000633252706530873,0.0270187821453172,0.0219971992794935,"3912/5118/7148/7059",4,"Downres_DEq_MS_DM_vs_B2"
