"","ID","Description","GeneRatio","BgRatio","RichFactor","FoldEnrichment","zScore","pvalue","p.adjust","qvalue","geneID","Count","name"
"GO:0005201","GO:0005201","extracellular matrix structural constituent","6/16","175/18662",0.0342857142857143,39.99,15.1800655439032,4.6227011142371e-09,2.58871262397277e-07,1.45980035186435e-07,"3912/5118/1292/1293/7148/7059",6,"Upres_DEq_MS_BM2_vs_DM"
"GO:0008201","GO:0008201","heparin binding","4/16","170/18662",0.0235294117647059,27.4441176470588,10.1460315100697,1.11062139550508e-05,0.000310973990741422,0.000175361272974486,"8828/5118/7148/7059",4,"Upres_DEq_MS_BM2_vs_DM"
"GO:0005518","GO:0005518","collagen binding","3/16","72/18662",0.0416666666666667,48.5989583333333,11.8538276854316,2.97444143838854e-05,0.000555229068499195,0.000313099098777742,"5118/1292/7148",3,"Upres_DEq_MS_BM2_vs_DM"
"GO:0005539","GO:0005539","glycosaminoglycan binding","4/16","240/18662",0.0166666666666667,19.4395833333333,8.4221494386191,4.29953439873956e-05,0.000601934815823538,0.000339436926216281,"8828/5118/7148/7059",4,"Upres_DEq_MS_BM2_vs_DM"
"GO:1901681","GO:1901681","sulfur compound binding","4/16","266/18662",0.0150375939849624,17.5394736842105,7.95857679142281,6.41696848355426e-05,0.000718700470158077,0.000405282220013953,"8828/5118/7148/7059",4,"Upres_DEq_MS_BM2_vs_DM"
"GO:0030020","GO:0030020","extracellular matrix structural constituent conferring tensile strength","2/16","42/18662",0.0476190476190476,55.5416666666667,10.3656805245844,0.000581612795612574,0.00542838609238402,0.00306111997690828,"1292/1293",2,"Upres_DEq_MS_BM2_vs_DM"
