"","ID","Description","GeneRatio","BgRatio","RichFactor","FoldEnrichment","zScore","pvalue","p.adjust","qvalue","geneID","Count","name"
"GO:0001098","GO:0001098","basal transcription machinery binding","4/66","59/18662",0.0677966101694915,19.1700051361068,8.32758776240714,5.60983480661649e-05,0.00575713745578083,0.00520660318462018,"8721/64754/10589/6879",4,"Downres_DEq_MS_BM1_vs_BT"
"GO:0001099","GO:0001099","basal RNA polymerase II transcription machinery binding","4/66","59/18662",0.0677966101694915,19.1700051361068,8.32758776240714,5.60983480661649e-05,0.00575713745578083,0.00520660318462018,"8721/64754/10589/6879",4,"Downres_DEq_MS_BM1_vs_BT"
"GO:0001091","GO:0001091","RNA polymerase II general transcription initiation factor binding","3/66","24/18662",0.125,35.344696969697,10.0298701715351,8.10864430391667e-05,0.00575713745578083,0.00520660318462018,"8721/10589/6879",3,"Downres_DEq_MS_BM1_vs_BT"
"GO:0140296","GO:0140296","general transcription initiation factor binding","3/66","54/18662",0.0555555555555556,15.7087542087542,6.44840902901324,0.000921246860369717,0.0399159157672174,0.0360989008421091,"8721/10589/6879",3,"Downres_DEq_MS_BM1_vs_BT"
"GO:0032036","GO:0032036","myosin heavy chain binding","2/66","13/18662",0.153846153846154,43.5011655011655,9.13217860890381,0.000936993327868953,0.0399159157672174,0.0360989008421091,"22998/10398",2,"Downres_DEq_MS_BM1_vs_BT"
