"","ID","Description","GeneRatio","BgRatio","RichFactor","FoldEnrichment","zScore","pvalue","p.adjust","qvalue","geneID","Count","name"
"GO:0043236","GO:0043236","laminin binding","3/63","28/18662",0.107142857142857,31.7380952380952,9.47318145049018,0.000113089531592364,0.0197418907267408,0.0175169159934157,"7057/3673/3675",3,"Downres_DEq_MS_DM_vs_C"
"GO:0043394","GO:0043394","proteoglycan binding","3/63","37/18662",0.0810810810810811,24.018018018018,8.1566829375377,0.000262478970870893,0.0197418907267408,0.0175169159934157,"7057/3673/3371",3,"Downres_DEq_MS_DM_vs_C"
"GO:0003735","GO:0003735","structural constituent of ribosome","5/63","175/18662",0.0285714285714286,8.46349206349206,5.773255965924,0.000310082053299594,0.0197418907267408,0.0175169159934157,"6124/6143/65993/6129/6137",5,"Downres_DEq_MS_DM_vs_C"
