"","ID","Description","GeneRatio","BgRatio","pvalue","p.adjust","qvalue","geneID","Count"
"GO:0022613","GO:0022613","ribonucleoprotein complex biogenesis","5/14","475/18614",1.75325071054986e-05,0.00370875085823733,0.00242314030665234,"6636/25804/6209/58155/6227",5
"GO:0022618","GO:0022618","ribonucleoprotein complex assembly","4/14","231/18614",2.09801658979043e-05,0.00370875085823733,0.00242314030665234,"6636/25804/6209/58155",4
"GO:0071826","GO:0071826","ribonucleoprotein complex subunit organization","4/14","239/18614",2.39789926179138e-05,0.00370875085823733,0.00242314030665234,"6636/25804/6209/58155",4
"GO:0008380","GO:0008380","RNA splicing","4/14","466/18614",0.000317946218496118,0.0368817613455497,0.0240969765597058,"6636/25804/58155/55796",4
"GO:0006397","GO:0006397","mRNA processing","4/14","500/18614",0.000415568774194285,0.0385647822452296,0.0251965909406219,"6636/25804/58155/55796",4
