"ID","Description","GeneRatio","BgRatio","RichFactor","FoldEnrichment","zScore","pvalue","p.adjust","qvalue","geneID","Count","name"
"GO:0030131","clathrin adaptor complex","4/220","28/19944",0.142857142857143,12.9506493506493,6.68310906628779,0.000239614111857514,0.0485183156373169,0.0417512874036911,"9179/8546/8906/161",4,"Up_D8B_vs_res_limma_deqMS_MS_D8C"
"GO:0030118","clathrin coat","5/220","51/19944",0.0980392156862745,8.88770053475936,5.95654529510483,0.000242591578186584,0.0485183156373169,0.0417512874036911,"9179/8546/8906/161/3482",5,"Up_D8B_vs_res_limma_deqMS_MS_D8C"
