"","ID","Description","GeneRatio","BgRatio","pvalue","p.adjust","qvalue","geneID","Count","name"
"hsa04610","hsa04610","Complement and coagulation cascades","30/68","86/8779",2.51281381068136e-44,3.16614540145851e-42,2.93602455774348e-42,"2243/2266/2244/3080/5340/7448/718/720/727/2153/2147/3827/3818/717/722/715/3075/729/2159/1191/10747/3053/3426/716/5054/1361/710/721/730/2158",30,"Downres_DEq_MS_CTRL.myr_vs_CTRL"
"hsa05150","hsa05150","Staphylococcus aureus infection","15/68","96/8779",3.41211718266483e-16,2.14963382507884e-14,1.99339477513577e-14,"2266/5340/718/720/727/717/715/3075/10747/3426/716/1828/3858/721/3861",15,"Downres_DEq_MS_CTRL.myr_vs_CTRL"
"hsa05171","hsa05171","Coronavirus disease - COVID-19","15/68","233/8779",1.85242451628699e-10,7.78018296840536e-09,7.21470601080197e-09,"2243/2266/2244/718/720/727/2147/717/715/729/10747/716/721/730/6156",15,"Downres_DEq_MS_CTRL.myr_vs_CTRL"
"hsa05133","hsa05133","Pertussis","10/68","76/8779",2.49851039605838e-10,7.87030774758389e-09,7.29828036743368e-09,"718/720/727/717/722/715/716/929/710/721",10,"Downres_DEq_MS_CTRL.myr_vs_CTRL"
"hsa05322","hsa05322","Systemic lupus erythematosus","9/68","137/8779",9.52649344929118e-07,2.40067634922138e-05,2.22619110078173e-05,"718/720/727/717/715/729/716/721/730",9,"Downres_DEq_MS_CTRL.myr_vs_CTRL"
"hsa04979","hsa04979","Cholesterol metabolism","5/68","51/8779",4.28253194843077e-05,0.000899331709170462,0.000833966747852308,"350/348/335/341/55908",5,"Downres_DEq_MS_CTRL.myr_vs_CTRL"
"hsa05143","hsa05143","African trypanosomiasis","4/68","37/8779",0.000179365041652807,0.00322857074975052,0.00299391272533256,"3250/3827/335/8542",4,"Downres_DEq_MS_CTRL.myr_vs_CTRL"
"hsa04936","hsa04936","Alcoholic liver disease","6/68","142/8779",0.000773681860706486,0.0121854893061272,0.0112998271761079,"718/720/727/717/929/721",6,"Downres_DEq_MS_CTRL.myr_vs_CTRL"
"hsa04810","hsa04810","Regulation of actin cytoskeleton","7/68","229/8779",0.00187970967418024,0.0263159354385234,0.0244032484016382,"727/2147/3827/2335/729/2934/730",7,"Downres_DEq_MS_CTRL.myr_vs_CTRL"
