"","ID","Description","GeneRatio","BgRatio","pvalue","p.adjust","qvalue","geneID","Count","name"
"GO:0042470","GO:0042470","melanosome","4/27","112/19518",1.62845441643367e-05,0.00106663764276405,0.000737089893754185,"302/309/191/2040",4,"Downres_DEq_MS_HBV_vs_CTRL.myr"
"GO:0048770","GO:0048770","pigment granule","4/27","112/19518",1.62845441643367e-05,0.00106663764276405,0.000737089893754185,"302/309/191/2040",4,"Downres_DEq_MS_HBV_vs_CTRL.myr"
