"ID","Description","GeneRatio","BgRatio","RichFactor","FoldEnrichment","zScore","pvalue","p.adjust","qvalue","geneID","Count","name"
"GO:0003735","structural constituent of ribosome","13/97","175/18662",0.0742857142857143,14.2919587628866,12.7696982745219,6.50782039568634e-12,1.47076740942511e-09,1.42487014979238e-09,"6143/6137/55052/6132/6130/6124/6129/6141/6194/6128/6155/6187/11224",13,"Down_BT_vs_res_DEq_MS_BM1"
"GO:0003724","RNA helicase activity","5/97","77/18662",0.0649350649350649,12.4929709465792,7.30469749548705,5.0250760942994e-05,0.00428292212074932,0.00414926782075388,"55661/8886/91351/11056/57062",5,"Down_BT_vs_res_DEq_MS_BM1"
"GO:0008186","ATP-dependent activity, acting on RNA","5/97","79/18662",0.0632911392405063,12.1766932010962,7.19572916291214,5.6852948505522e-05,0.00428292212074932,0.00414926782075388,"55661/8886/91351/11056/57062",5,"Down_BT_vs_res_DEq_MS_BM1"
"GO:0019843","rRNA binding","4/97","67/18662",0.0597014925373134,11.4860747807355,6.21524291724172,0.000409081037885927,0.0231130786405549,0.0223918041790192,"55052/6132/56342/4193",4,"Down_BT_vs_res_DEq_MS_BM1"
"GO:0004386","helicase activity","5/97","148/18662",0.0337837837837838,6.49972137085539,4.85542513769999,0.00105193494214829,0.0475474593851029,0.0460636774667043,"55661/8886/91351/11056/57062",5,"Down_BT_vs_res_DEq_MS_BM1"
