"ID","Description","GeneRatio","BgRatio","RichFactor","FoldEnrichment","zScore","pvalue","p.adjust","qvalue","geneID","Count","name"
"GO:0034987","immunoglobulin receptor binding","2/32","19/18662",0.105263157894737,61.3881578947368,10.9145717646539,0.000478303127748898,0.0366852768834079,0.026621692156221,"3493/3500",2,"Up_res_DEq_MS_B1_vs_CM"
"GO:0001846","opsonin binding","2/32","21/18662",0.0952380952380952,55.5416666666667,10.364287870917,0.000586133415853729,0.0366852768834079,0.026621692156221,"1401/3080",2,"Up_res_DEq_MS_B1_vs_CM"
"GO:0001848","complement binding","2/32","25/18662",0.08,46.655,9.46686898883639,0.000833756292804725,0.0366852768834079,0.026621692156221,"1401/3080",2,"Up_res_DEq_MS_B1_vs_CM"
