"ID","Description","GeneRatio","BgRatio","RichFactor","FoldEnrichment","zScore","pvalue","p.adjust","qvalue","geneID","Count","name"
"GO:0005319","lipid transporter activity","4/31","184/18662",0.0217391304347826,13.0869565217391,6.72091821239283,0.000233690233224227,0.023041075818704,0.013011133823062,"6580/6342/5244/336",4,"Up_res_DEq_MS_B2_vs_C"
"GO:1901474","azole transmembrane transporter activity","2/31","14/18662",0.142857142857143,86,12.9776791779462,0.000240011206444834,0.023041075818704,0.013011133823062,"6580/10991",2,"Up_res_DEq_MS_B2_vs_C"
"GO:0008525","phosphatidylcholine transporter activity","2/31","19/18662",0.105263157894737,63.3684210526316,11.0946567521146,0.000448681408249146,0.0287156101279454,0.0162155035261972,"6342/5244",2,"Up_res_DEq_MS_B2_vs_C"
"GO:0120020","cholesterol transfer activity","2/31","25/18662",0.08,48.16,9.6246737843274,0.000782288171869758,0.0313037350221854,0.0176769994916946,"6342/336",2,"Up_res_DEq_MS_B2_vs_C"
"GO:0004857","enzyme inhibitor activity","5/31","451/18662",0.0110864745011086,6.67405764966741,4.97559861432544,0.000815201432869412,0.0313037350221854,0.0176769994916946,"197/5502/26998/6694/336",5,"Up_res_DEq_MS_B2_vs_C"
"GO:0120015","sterol transfer activity","2/31","32/18662",0.0625,37.625,8.45817011228933,0.00128405367293449,0.0410897175339038,0.0232030751425005,"6342/336",2,"Up_res_DEq_MS_B2_vs_C"
"GO:0004869","cysteine-type endopeptidase inhibitor activity","2/31","38/18662",0.0526315789473684,31.6842105263158,7.7232570774138,0.00180868758678242,0.0496097166660321,0.0280142588629458,"197/26998",2,"Up_res_DEq_MS_B2_vs_C"
