"ID","Description","GeneRatio","BgRatio","RichFactor","FoldEnrichment","zScore","pvalue","p.adjust","qvalue","geneID","Count","name"
"GO:0008392","arachidonate epoxygenase activity","2/20","15/18662",0.133333333333333,124.413333333333,15.6617190525629,0.000113618421504439,0.00823053250975202,0.00464127773106317,"1549/1548",2,"Down_C_vs_BM1"
"GO:0008391","arachidonate monooxygenase activity","2/20","17/18662",0.117647058823529,109.776470588235,14.6965173832547,0.000146973794817,0.00823053250975202,0.00464127773106317,"1549/1548",2,"Down_C_vs_BM1"
"GO:0020037","heme binding","3/20","142/18662",0.0211267605633803,19.7133802816901,7.331825610727,0.000447178823053386,0.0126937234708095,0.00715811473917827,"1549/1548/1536",3,"Down_C_vs_BM1"
"GO:0046906","tetrapyrrole binding","3/20","152/18662",0.0197368421052632,18.4164473684211,7.06178284808912,0.000545494612651778,0.0126937234708095,0.00715811473917827,"1549/1548/1536",3,"Down_C_vs_BM1"
"GO:0005506","iron ion binding","3/20","154/18662",0.0194805194805195,18.1772727272727,7.01085570247707,0.00056668408351828,0.0126937234708095,0.00715811473917827,"1549/1548/1036",3,"Down_C_vs_BM1"
"GO:0043394","proteoglycan binding","2/20","37/18662",0.0540540540540541,50.4378378378378,9.85935246040551,0.000710547639914787,0.013263555945076,0.00747944884120829,"10457/5788",2,"Down_C_vs_BM1"
"GO:0042056","chemoattractant activity","2/20","43/18662",0.0465116279069767,43.4,9.11712923317911,0.000959694500579912,0.0153551120092786,0.00865889774959319,"6275/10457",2,"Down_C_vs_BM1"
"GO:0016712","oxidoreductase activity, acting on paired donors, with incorporation or reduction of molecular oxygen, reduced flavin or flavoprotein as one donor, and incorporation of one atom of oxygen","2/20","46/18662",0.0434782608695652,40.5695652173913,8.80102412576683,0.00109786490567927,0.0153701086795098,0.00866735451852055,"1549/1548",2,"Down_C_vs_BM1"
"GO:0030246","carbohydrate binding","3/20","282/18662",0.0106382978723404,9.92659574468085,4.94736406860646,0.00321687645346569,0.0400322403097953,0.022574571603268,"2645/648791/131544",3,"Down_C_vs_BM1"
