"ID","Description","GeneRatio","BgRatio","RichFactor","FoldEnrichment","zScore","pvalue","p.adjust","qvalue","geneID","Count","name"
"GO:0001848","complement binding","4/40","25/18662",0.16,74.648,17.0776162459861,2.21524418208361e-07,4.80707987512143e-05,3.61434577076799e-05,"3689/731/10878/1401",4,"Up_DM_vs_CM"
"GO:0001846","opsonin binding","3/40","21/18662",0.142857142857143,66.65,13.9506378714695,1.18120704111076e-05,0.00128160963960517,0.000963616270379828,"3689/10878/1401",3,"Up_DM_vs_CM"
"GO:0001851","complement component C3b binding","2/40","11/18662",0.181818181818182,84.8272727272727,12.8888719594283,0.000243381102636296,0.0176045664240254,0.0132365161082898,"3689/10878",2,"Up_DM_vs_CM"
"GO:0005319","lipid transporter activity","4/40","184/18662",0.0217391304347826,10.1423913043478,5.77597795084042,0.000633432321208351,0.034363703425553,0.0258373709966564,"116519/5244/8647/28234",4,"Up_DM_vs_CM"
"GO:0015125","bile acid transmembrane transporter activity","2/40","21/18662",0.0952380952380952,44.4333333333333,9.22959184895898,0.000916755942609176,0.0397872079092382,0.0299151939167205,"8647/28234",2,"Up_DM_vs_CM"
"GO:0050750","low-density lipoprotein particle receptor binding","2/40","26/18662",0.0769230769230769,35.8884615384615,8.25042713331296,0.00140921039330624,0.0475580468986413,0.0357579299989784,"116519/1401",2,"Up_DM_vs_CM"
"GO:0016887","ATP hydrolysis activity","5/40","400/18662",0.0125,5.831875,4.5274723636923,0.001565927924363,0.0475580468986413,0.0357579299989784,"5244/79665/8647/56652/3310",5,"Up_DM_vs_CM"
"GO:0016849","phosphorus-oxygen lyase activity","2/40","29/18662",0.0689655172413793,32.1758620689655,7.78682418819666,0.00175329205156281,0.0475580468986413,0.0357579299989784,"6038/952",2,"Up_DM_vs_CM"
"GO:0070325","lipoprotein particle receptor binding","2/40","31/18662",0.0645161290322581,30.1,7.51519136668385,0.00200265162768073,0.0482861559118577,0.0363053803848554,"116519/1401",2,"Up_DM_vs_CM"
