"ID","Description","GeneRatio","BgRatio","RichFactor","FoldEnrichment","zScore","pvalue","p.adjust","qvalue","geneID","Count","name"
"GO:0001098","basal transcription machinery binding","4/73","59/18662",0.0677966101694915,17.3317854655212,7.87352212053195,8.3335978367029e-05,0.00796150411450267,0.00722724661287544,"8721/64754/10589/6879",4,"Up_BT_vs_BM1"
"GO:0001099","basal RNA polymerase II transcription machinery binding","4/73","59/18662",0.0677966101694915,17.3317854655212,7.87352212053195,8.3335978367029e-05,0.00796150411450267,0.00722724661287544,"8721/64754/10589/6879",4,"Up_BT_vs_BM1"
"GO:0001091","RNA polymerase II general transcription initiation factor binding","3/73","24/18662",0.125,31.9554794520548,9.50920860941183,0.000109561983227101,0.00796150411450267,0.00722724661287544,"8721/10589/6879",3,"Up_BT_vs_BM1"
