"","ID","Description","GeneRatio","BgRatio","RichFactor","FoldEnrichment","zScore","pvalue","p.adjust","qvalue","geneID","Count","name"
"GO:0001848","GO:0001848","complement binding","3/15","25/18662",0.12,149.296,21.0436000553791,9.56038983932533e-07,4.87579881805592e-05,2.51589206298035e-05,"1401/731/10878",3,"Upres_DEq_MS_CM_vs_BM1"
"GO:0001846","GO:0001846","opsonin binding","2/15","21/18662",0.0952380952380952,118.488888888889,15.2784902480063,0.000125519949234085,0.00320075870546916,0.00165157827939585,"1401/10878",2,"Upres_DEq_MS_CM_vs_BM1"
"GO:0042056","GO:0042056","chemoattractant activity","2/15","43/18662",0.0465116279069767,57.8666666666667,10.5882070316144,0.000534250523909557,0.00908225890646246,0.0046864081044698,"6275/10457",2,"Upres_DEq_MS_CM_vs_BM1"
