"ID","Description","GeneRatio","BgRatio","RichFactor","FoldEnrichment","zScore","pvalue","p.adjust","qvalue","geneID","Count","name"
"GO:0004857","enzyme inhibitor activity","6/29","451/18662",0.0133037694013304,8.5612049850906,6.41264870378586,5.70750287621613e-05,0.00587872796250261,0.0039652125245291,"3273/7009/341/25998/344/197",6,"Up_D_vs_DM"
"GO:0055102","lipase inhibitor activity","2/29","20/18662",0.1,64.351724137931,11.1828435289146,0.00043538881616403,0.0224225240324475,0.0151240325614874,"341/344",2,"Up_D_vs_DM"
"GO:0004869","cysteine-type endopeptidase inhibitor activity","2/29","38/18662",0.0526315789473684,33.8693284936479,8.00149635893098,0.00158325464028414,0.0497196908757979,0.033536020416992,"3273/197",2,"Up_D_vs_DM"
"GO:0008201","heparin binding","3/29","170/18662",0.0176470588235294,11.3561866125761,5.3512772118262,0.00228008919439856,0.0497196908757979,0.033536020416992,"11167/3273/6288",3,"Up_D_vs_DM"
"GO:0005504","fatty acid binding","2/29","47/18662",0.0425531914893617,27.3837123991196,7.14460751910167,0.00241357722698048,0.0497196908757979,0.033536020416992,"341/4706",2,"Up_D_vs_DM"
