"ID","Description","GeneRatio","BgRatio","RichFactor","FoldEnrichment","zScore","pvalue","p.adjust","qvalue","geneID","Count","name"
"GO:0061665","SUMO ligase activity","1/5","14/18662",0.0714285714285714,266.6,16.2744946211712,0.00374571498737097,0.0287323273377606,0.0124536403321563,"286053",1,"Up_B2_vs_BM2"
"GO:0061659","ubiquitin-like protein ligase activity","2/5","398/18662",0.0050251256281407,18.7557788944724,5.86158231104062,0.00434759012064446,0.0287323273377606,0.0124536403321563,"197370/286053",2,"Up_B2_vs_BM2"
"GO:0019787","ubiquitin-like protein transferase activity","2/5","484/18662",0.00413223140495868,15.4231404958678,5.26309268433981,0.00637260349976078,0.0287323273377606,0.0124536403321563,"197370/286053",2,"Up_B2_vs_BM2"
"GO:0019789","SUMO transferase activity","1/5","28/18662",0.0357142857142857,133.3,11.4687838333931,0.00748019725207494,0.0287323273377606,0.0124536403321563,"286053",1,"Up_B2_vs_BM2"
"GO:0000217","DNA secondary structure binding","1/5","37/18662",0.027027027027027,100.875675675676,9.95506281183498,0.00987501604850816,0.0287323273377606,0.0124536403321563,"23137",1,"Up_B2_vs_BM2"
"GO:0004869","cysteine-type endopeptidase inhibitor activity","1/5","38/18662",0.0263157894736842,98.2210526315789,9.82080727845255,0.0101408214133273,0.0287323273377606,0.0124536403321563,"197",1,"Up_B2_vs_BM2"
