"ID","Description","GeneRatio","BgRatio","RichFactor","FoldEnrichment","zScore","pvalue","p.adjust","qvalue","geneID","Count","name"
"GO:0030280","structural constituent of skin epidermis","6/43","62/18662",0.0967741935483871,42,15.5398469659757,5.81183710051041e-09,7.38103311764822e-07,6.24007772896907e-07,"2312/196374/3858/3849/3848/3852",6,"Down_BT_vs_BM2"
"GO:0050786","RAGE receptor binding","3/43","12/18662",0.25,108.5,17.9012425688427,2.47076690608626e-06,0.000156893698536478,0.000132641170747789,"6278/6280/6279",3,"Down_BT_vs_BM2"
"GO:0035325","Toll-like receptor binding","2/43","13/18662",0.153846153846154,66.7692307692308,11.3996146911322,0.000398035130889554,0.0168501538743244,0.014245467842363,"6280/6279",2,"Down_BT_vs_BM2"
"GO:0036041","long-chain fatty acid binding","2/43","16/18662",0.125,54.25,10.2402432175852,0.000609679326992138,0.0193573186320004,0.0163650766718942,"6280/6279",2,"Down_BT_vs_BM2"
"GO:0048306","calcium-dependent protein binding","3/43","82/18662",0.0365853658536585,15.8780487804878,6.48863818369229,0.000888934449113652,0.0225789350074868,0.0190886976441247,"6278/6280/6279",3,"Down_BT_vs_BM2"
