"ID","Description","GeneRatio","BgRatio","RichFactor","FoldEnrichment","zScore","pvalue","p.adjust","qvalue","geneID","Count","name"
"GO:0043236","laminin binding","3/53","28/18662",0.107142857142857,37.7264150943396,10.3788296022964,6.7386067920452e-05,0.00642997716643293,0.0057327952878752,"7057/3673/3675",3,"Down_DM_vs_C"
"GO:0005178","integrin binding","5/53","152/18662",0.0328947368421053,11.5826713008937,6.99129720980283,7.02729744965347e-05,0.00642997716643293,0.0057327952878752,"7057/3673/7060/3371/3675",5,"Down_DM_vs_C"
"GO:0003735","structural constituent of ribosome","5/53","175/18662",0.0285714285714286,10.0603773584906,6.42652147530833,0.000136524477907093,0.00718118555813441,0.00640255255398812,"6124/6143/65993/6129/6137",5,"Down_DM_vs_C"
"GO:0043394","proteoglycan binding","3/53","37/18662",0.0810810810810811,28.5497195308516,8.95187020221849,0.000156965804549386,0.00718118555813441,0.00640255255398812,"7057/3673/3371",3,"Down_DM_vs_C"
"GO:0050840","extracellular matrix binding","3/53","66/18662",0.0454545454545455,16.0051457975986,6.51697855536505,0.000872260988699863,0.031924752186415,0.0284632533154692,"7057/3673/3675",3,"Down_DM_vs_C"
"GO:0005518","collagen binding","3/53","72/18662",0.0416666666666667,14.6713836477987,6.2027302890632,0.00112328048688533,0.0342600548500025,0.0305453465731975,"7057/3673/3675",3,"Down_DM_vs_C"
