"ID","Description","GeneRatio","BgRatio","RichFactor","FoldEnrichment","zScore","pvalue","p.adjust","qvalue","geneID","Count","name"
"GO:0005504","fatty acid binding","3/24","47/18662",0.0638297872340425,49.6329787234042,11.9790313856777,2.91972613550978e-05,0.00236497816976292,0.00141376212877316,"4706/2170/341",3,"Up_B1_vs_DM"
"GO:0031406","carboxylic acid binding","4/24","186/18662",0.021505376344086,16.7222222222222,7.73285469032591,8.68498779364147e-05,0.00244409045381189,0.00146105472222673,"5352/4706/2170/341",4,"Up_B1_vs_DM"
"GO:0043177","organic acid binding","4/24","188/18662",0.0212765957446809,16.5443262411348,7.68676813536672,9.05218686596996e-05,0.00244409045381189,0.00146105472222673,"5352/4706/2170/341",4,"Up_B1_vs_DM"
"GO:0033293","monocarboxylic acid binding","3/24","79/18662",0.0379746835443038,29.5284810126582,9.11817040446457,0.000138599098869779,0.00280663175211303,0.00167777856526575,"4706/2170/341",3,"Up_B1_vs_DM"
