"ID","Description","GeneRatio","BgRatio","RichFactor","FoldEnrichment","zScore","pvalue","p.adjust","qvalue","geneID","Count","name"
"GO:0016705","oxidoreductase activity, acting on paired donors, with incorporation or reduction of molecular oxygen","13/279","183/18662",0.0710382513661202,4.75166970248937,6.28307541674991,3.93429244498128e-06,0.00227402103319918,0.00206653887373227,"5352/1548/9415/3992/6319/2329/9420/3995/2326/5066/9645/51302/1549",13,"Down_BDM_vs_BD"
"GO:0016717","oxidoreductase activity, acting on paired donors, with oxidation of a pair of donors resulting in the reduction of molecular oxygen to two molecules of water","4/279","11/18662",0.363636363636364,24.3232323232323,9.53224913017641,1.48541992929933e-05,0.00429286359567507,0.00390118181431772,"9415/3992/6319/3995",4,"Down_BDM_vs_BD"
"GO:0004497","monooxygenase activity","8/279","109/18662",0.073394495412844,4.90927624872579,5.04270894246882,0.000232854650863808,0.0448633293997603,0.0407699897477333,"1548/2329/9420/2326/5066/9645/51302/1549",8,"Down_BDM_vs_BD"
