"ID","Description","GeneRatio","BgRatio","RichFactor","FoldEnrichment","zScore","pvalue","p.adjust","qvalue","geneID","Count","name"
"GO:0055102","lipase inhibitor activity","2/37","20/18662",0.1,50.4378378378378,9.85935246040551,0.000710547639914787,0.040416454825796,0.0272866083397389,"344/345",2,"Up_B2_vs_CM"
"GO:0001846","opsonin binding","2/37","21/18662",0.0952380952380952,48.036036036036,9.61226944847608,0.000784362166176837,0.040416454825796,0.0272866083397389,"1401/10878",2,"Up_B2_vs_CM"
"GO:0005537","D-mannose binding","2/37","24/18662",0.0833333333333333,42.0315315315315,8.96486744701426,0.00102702268078556,0.040416454825796,0.0272866083397389,"4153/4360",2,"Up_B2_vs_CM"
"GO:0001848","complement binding","2/37","25/18662",0.08,40.3502702702703,8.77505604798504,0.00111493668484955,0.040416454825796,0.0272866083397389,"1401/10878",2,"Up_B2_vs_CM"
"GO:0070325","lipoprotein particle receptor binding","2/37","31/18662",0.0645161290322581,32.5405405405405,7.83343192708905,0.00171526504612944,0.0497426863377538,0.0335830840610606,"1401/345",2,"Up_B2_vs_CM"
