"ID","Description","GeneRatio","BgRatio","RichFactor","FoldEnrichment","zScore","pvalue","p.adjust","qvalue","geneID","Count","name"
"GO:0055102","lipase inhibitor activity","2/35","20/18662",0.1,53.32,10.1476739030477,0.00063561470345916,0.0354187977567753,0.0223172558141283,"344/345",2,"Up_res_DEq_MS_B2_vs_CM"
"GO:0001846","opsonin binding","2/35","21/18662",0.0952380952380952,50.7809523809524,9.89391708538132,0.000701694855193388,0.0354187977567753,0.0223172558141283,"1401/10878",2,"Up_res_DEq_MS_B2_vs_CM"
"GO:0005537","D-mannose binding","2/35","24/18662",0.0833333333333333,44.4333333333333,9.22909570223013,0.00091897649580453,0.0354187977567753,0.0223172558141283,"4153/4360",2,"Up_res_DEq_MS_B2_vs_CM"
"GO:0001848","complement binding","2/35","25/18662",0.08,42.656,9.03419764816669,0.00099771261286691,0.0354187977567753,0.0223172558141283,"1401/10878",2,"Up_res_DEq_MS_B2_vs_CM"
"GO:0070325","lipoprotein particle receptor binding","2/35","31/18662",0.0645161290322581,34.4,8.06750516534771,0.00153557717538217,0.0436103917808537,0.0274787494542073,"1401/345",2,"Up_res_DEq_MS_B2_vs_CM"
