"ID","Description","GeneRatio","BgRatio","RichFactor","FoldEnrichment","zScore","pvalue","p.adjust","qvalue","geneID","Count","name"
"GO:0016725","oxidoreductase activity, acting on CH or CH2 groups","1/3","12/18662",0.0833333333333333,518.388888888889,22.7327619541934,0.00192791678614568,0.0115675007168741,0.00405877218135932,"50484",1,"Up_BM2_vs_res_DEq_MS_B2"
"GO:0003684","damaged DNA binding","1/3","74/18662",0.0135135135135135,84.0630630630631,9.07802494280016,0.0118493556297181,0.0272054285102568,0.00954576438956377,"1643",1,"Up_BM2_vs_res_DEq_MS_B2"
"GO:0098631","cell adhesion mediator activity","1/3","85/18662",0.0117647058823529,73.1843137254902,8.45762461924748,0.0136027142551284,0.0272054285102568,0.00954576438956377,"83872",1,"Up_BM2_vs_res_DEq_MS_B2"
"GO:0005201","extracellular matrix structural constituent","1/3","175/18662",0.00571428571428571,35.5466666666667,5.82204898005201,0.0278705332832457,0.0418057999248686,0.0146687017280241,"83872",1,"Up_BM2_vs_res_DEq_MS_B2"
