"ID","Description","GeneRatio","BgRatio","RichFactor","FoldEnrichment","zScore","pvalue","p.adjust","qvalue","geneID","Count","name"
"GO:0061665","SUMO ligase activity","1/4","14/18662",0.0714285714285714,333.25,18.2086515424302,0.00299761586753733,0.018451145588877,0.00832382507768888,"286053",1,"Up_B2_vs_res_DEq_MS_BM1"
"GO:0019789","SUMO transferase activity","1/4","28/18662",0.0357142857142857,166.625,12.8415299530985,0.0059884874036078,0.018451145588877,0.00832382507768888,"286053",1,"Up_B2_vs_res_DEq_MS_BM1"
"GO:0000217","DNA secondary structure binding","1/4","37/18662",0.027027027027027,126.094594594595,11.1520876228275,0.00790763382380444,0.018451145588877,0.00832382507768888,"23137",1,"Up_B2_vs_res_DEq_MS_BM1"
"GO:0003697","single-stranded DNA binding","1/4","122/18662",0.00819672131147541,38.2418032786885,6.04255566485149,0.0258961497681304,0.0453182620942282,0.0204443287643135,"23137",1,"Up_B2_vs_res_DEq_MS_BM1"
