"","ID","Description","GeneRatio","BgRatio","RichFactor","FoldEnrichment","zScore","pvalue","p.adjust","qvalue","geneID","Count","name"
"GO:1901474","GO:1901474","azole transmembrane transporter activity","2/25","14/18662",0.142857142857143,106.64,14.481906469357,0.000155244717311351,0.0252759386388552,0.0142205825372869,"6580/10991",2,"Downres_DEq_MS_B2_vs_C"
"GO:0008525","GO:0008525","phosphatidylcholine transporter activity","2/25","19/18662",0.105263157894737,78.5768421052632,12.3908316326597,0.000290528030331669,0.0252759386388552,0.0142205825372869,"5244/6342",2,"Downres_DEq_MS_B2_vs_C"
