"","ID","Description","GeneRatio","BgRatio","RichFactor","FoldEnrichment","zScore","pvalue","p.adjust","qvalue","geneID","Count","name"
"GO:0016705","GO:0016705","oxidoreductase activity, acting on paired donors, with incorporation or reduction of molecular oxygen","12/250","183/18662",0.0655737704918033,4.89495081967213,6.16985941110964,6.91923248945473e-06,0.00258735499698428,0.0023735805911764,"5352/1548/9415/6319/3992/2329/9420/3995/2326/5066/9645/51302",12,"Upres_DEq_MS_BDM_vs_BD"
"GO:0016717","GO:0016717","oxidoreductase activity, acting on paired donors, with oxidation of a pair of donors resulting in the reduction of molecular oxygen to two molecules of water","4/250","11/18662",0.363636363636364,27.1447272727273,10.1068629127875,9.6363314599042e-06,0.00258735499698428,0.0023735805911764,"9415/6319/3992/3995",4,"Upres_DEq_MS_BDM_vs_BD"
"GO:0008307","GO:0008307","structural constituent of muscle","5/250","43/18662",0.116279069767442,8.68,5.87495101067901,0.000263306762102533,0.0471319104163534,0.0432377419873633,"10398/3880/26287/6525/91624",5,"Upres_DEq_MS_BDM_vs_BD"
