"","ID","Description","GeneRatio","BgRatio","RichFactor","FoldEnrichment","zScore","pvalue","p.adjust","qvalue","geneID","Count","name"
"GO:0016725","GO:0016725","oxidoreductase activity, acting on CH or CH2 groups","1/2","12/18662",0.0833333333333333,777.583333333333,27.8590244950014,0.00128565675833736,0.00514262703334945,0.00135332290351301,"50484",1,"Upres_DEq_MS_B2_vs_BM2"
"GO:0003684","GO:0003684","damaged DNA binding","1/2","74/18662",0.0135135135135135,126.094594594595,11.1625831386779,0.00791504229261453,0.0158300845852291,0.00416581173295501,"1643",1,"Upres_DEq_MS_B2_vs_BM2"
