"ID","Description","GeneRatio","BgRatio","RichFactor","FoldEnrichment","zScore","pvalue","p.adjust","qvalue","geneID","Count","name"
"GO:0003735","structural constituent of ribosome","13/107","175/18662",0.0742857142857143,12.956261682243,12.0672992138184,2.33229259114623e-11,5.94734610742288e-09,5.72025446039022e-09,"6143/6137/6132/6141/55052/6130/6124/6128/6194/6129/6155/6187/11224",13,"Down_BT_vs_BM1"
"GO:0003724","RNA helicase activity","5/107","77/18662",0.0649350649350649,11.3254035683942,6.89445562798447,8.02773921563189e-05,0.00771327881709852,0.00741875733491828,"55661/8886/91351/11056/57062",5,"Down_BT_vs_BM1"
"GO:0008186","ATP-dependent activity, acting on RNA","5/107","79/18662",0.0632911392405063,11.0386844907134,6.78986755646063,9.07444566717472e-05,0.00771327881709852,0.00741875733491828,"55661/8886/91351/11056/57062",5,"Down_BT_vs_BM1"
"GO:0019843","rRNA binding","4/107","67/18662",0.0597014925373134,10.4126098479565,5.86108788496767,0.000593148049468918,0.0378131881536435,0.0363693409279626,"6132/55052/56342/4193",4,"Down_BT_vs_BM1"
