"ID","Description","GeneRatio","BgRatio","RichFactor","FoldEnrichment","zScore","pvalue","p.adjust","qvalue","geneID","Count","name"
"GO:0008392","arachidonate epoxygenase activity","2/17","15/18662",0.133333333333333,146.36862745098,17.0067981544396,8.14402599640157e-05,0.00495246233650085,0.00277293523880227,"1549/1548",2,"Down_C_vs_res_DEq_MS_BM1"
"GO:0008391","arachidonate monooxygenase activity","2/17","17/18662",0.117647058823529,129.148788927336,15.9613086702828,0.000105371539074486,0.00495246233650085,0.00277293523880227,"1549/1548",2,"Down_C_vs_res_DEq_MS_BM1"
"GO:0020037","heme binding","3/17","142/18662",0.0211267605633803,23.192212096106,8.01558084386599,0.000271236551416798,0.00778477625840799,0.00435877730034042,"1549/1548/1536",3,"Down_C_vs_res_DEq_MS_BM1"
"GO:0046906","tetrapyrrole binding","3/17","152/18662",0.0197368421052632,21.6664086687307,7.72492587799105,0.000331267074825872,0.00778477625840799,0.00435877730034042,"1549/1548/1536",3,"Down_C_vs_res_DEq_MS_BM1"
"GO:0042056","chemoattractant activity","2/17","43/18662",0.0465116279069767,51.0588235294118,9.92310104713984,0.000689959802166878,0.0123695921253731,0.00692586345205659,"10457/6275",2,"Down_C_vs_res_DEq_MS_BM1"
"GO:0016712","oxidoreductase activity, acting on paired donors, with incorporation or reduction of molecular oxygen, reduced flavin or flavoprotein as one donor, and incorporation of one atom of oxygen","2/17","46/18662",0.0434782608695652,47.7289002557545,9.58146713303698,0.000789548433534452,0.0123695921253731,0.00692586345205659,"1549/1548",2,"Down_C_vs_res_DEq_MS_BM1"
"GO:0030246","carbohydrate binding","3/17","282/18662",0.0106382978723404,11.6783479349186,5.4559023836839,0.0019841329292043,0.0266440707636006,0.0149182927007842,"2645/648791/131544",3,"Down_C_vs_res_DEq_MS_BM1"
