"ID","Description","GeneRatio","BgRatio","RichFactor","FoldEnrichment","zScore","pvalue","p.adjust","qvalue","geneID","Count","name"
"GO:0001098","basal transcription machinery binding","4/67","59/18662",0.0677966101694915,18.8838856564634,8.25853785272946,5.95199432918098e-05,0.00602192040134907,0.0053865460471667,"8721/10589/64754/6879",4,"Down_res_DEq_MS_BM1_vs_BT"
"GO:0001099","basal RNA polymerase II transcription machinery binding","4/67","59/18662",0.0677966101694915,18.8838856564634,8.25853785272946,5.95199432918098e-05,0.00602192040134907,0.0053865460471667,"8721/10589/64754/6879",4,"Down_res_DEq_MS_BM1_vs_BT"
"GO:0001091","RNA polymerase II general transcription initiation factor binding","3/67","24/18662",0.125,34.8171641791045,9.95061491563972,8.48157803006911e-05,0.00602192040134907,0.0053865460471667,"8721/10589/6879",3,"Down_res_DEq_MS_BM1_vs_BT"
"GO:0140296","general transcription initiation factor binding","3/67","54/18662",0.0555555555555556,15.4742951907131,6.39368481127795,0.000962465336004884,0.0411279378562572,0.0367885186655921,"8721/10589/6879",3,"Down_res_DEq_MS_BM1_vs_BT"
"GO:0032036","myosin heavy chain binding","2/67","13/18662",0.153846153846154,42.8518943742824,9.06078423598398,0.000965444550616367,0.0411279378562572,0.0367885186655921,"22998/10398",2,"Down_res_DEq_MS_BM1_vs_BT"
