"ID","Description","GeneRatio","BgRatio","RichFactor","FoldEnrichment","zScore","pvalue","p.adjust","qvalue","geneID","Count","name"
"GO:0016705","oxidoreductase activity, acting on paired donors, with incorporation or reduction of molecular oxygen","13/263","183/18662",0.0710382513661202,5.04074466537846,6.56743739274211,2.05525198459662e-06,0.00114272010343572,0.00101680887658991,"9415/1548/3992/6319/2329/9420/5352/3995/2326/5066/9645/51302/1549",13,"Down_res_DEq_MS_BDM_vs_BD"
"GO:0016717","oxidoreductase activity, acting on paired donors, with oxidation of a pair of donors resulting in the reduction of molecular oxygen to two molecules of water","4/263","11/18662",0.363636363636364,25.8029726927065,9.83778297507867,1.17702609315974e-05,0.00327213253898408,0.00291159086202673,"9415/3992/6319/3995",4,"Down_res_DEq_MS_BDM_vs_BD"
"GO:0004497","monooxygenase activity","8/263","109/18662",0.073394495412844,5.20793944256462,5.2677345112641,0.000155789290509286,0.0288729485077211,0.0256915672067946,"1548/2329/9420/2326/5066/9645/51302/1549",8,"Down_res_DEq_MS_BDM_vs_BD"
"GO:0008307","structural constituent of muscle","5/263","43/18662",0.116279069767442,8.25095057034221,5.69113932028199,0.000332531408057286,0.0462218657199628,0.0411288846807696,"10398/3880/6525/91624/26287",5,"Down_res_DEq_MS_BDM_vs_BD"
