"ID","Description","GeneRatio","BgRatio","RichFactor","FoldEnrichment","zScore","pvalue","p.adjust","qvalue","geneID","Count","name"
"GO:0005796","Golgi lumen","8/268","109/19944",0.073394495412844,5.46186498699165,5.45139693871409,0.000112845537802522,0.0158103035575468,0.0146739659504113,"5627/2158/6382/1672/6383/10082/2817/5046",8,"Up_BD_vs_res_DEq_MS_B1"
"GO:0005788","endoplasmic reticulum lumen","14/268","319/19944",0.0438871473354232,3.26598980021522,4.761488000351,0.000113335509373095,0.0158103035575468,0.0146739659504113,"3827/2158/2326/11167/7018/590/6694/116519/285362/6383/23491/10618/197/57544",14,"Up_BD_vs_res_DEq_MS_B1"
