"ID","Description","GeneRatio","BgRatio","RichFactor","FoldEnrichment","zScore","pvalue","p.adjust","qvalue","geneID","Count","name"
"GO:0034361","very-low-density lipoprotein particle","2/24","21/19944",0.0952380952380952,79.1428571428571,12.4359155636863,0.00028740055190527,0.0129330248357371,0.0107397048343548,"7436/341",2,"Up_B1_vs_DM"
"GO:0034385","triglyceride-rich plasma lipoprotein particle","2/24","21/19944",0.0952380952380952,79.1428571428571,12.4359155636863,0.00028740055190527,0.0129330248357371,0.0107397048343548,"7436/341",2,"Up_B1_vs_DM"
"GO:0034358","plasma lipoprotein particle","2/24","37/19944",0.0540540540540541,44.9189189189189,9.28123552119702,0.000900818986451813,0.0189484515257112,0.0157349714424034,"7436/341",2,"Up_B1_vs_DM"
"GO:1990777","lipoprotein particle","2/24","37/19944",0.0540540540540541,44.9189189189189,9.28123552119702,0.000900818986451813,0.0189484515257112,0.0157349714424034,"7436/341",2,"Up_B1_vs_DM"
"GO:0032994","protein-lipid complex","2/24","40/19944",0.05,41.55,8.91059841344472,0.0010526917514284,0.0189484515257112,0.0157349714424034,"7436/341",2,"Up_B1_vs_DM"
