"","ID","Description","GeneRatio","BgRatio","RichFactor","FoldEnrichment","zScore","pvalue","p.adjust","qvalue","geneID","Count","name"
"GO:0072562","GO:0072562","blood microparticle","5/24","145/19944",0.0344827586206897,28.6551724137931,11.6009870532912,7.20762492053331e-07,6.63101492689065e-05,4.77979336835367e-05,"3043/713/1/731/10878",5,"Upres_DEq_MS_CM_vs_BM2"
"GO:0044217","GO:0044217","other organism part","3/24","36/19944",0.0833333333333333,69.25,14.2264417010237,1.06504197102134e-05,0.000489919306669819,0.000353145495654446,"713/731/4153",3,"Upres_DEq_MS_CM_vs_BM2"
"GO:0030139","GO:0030139","endocytic vesicle","5/24","361/19944",0.0138504155124654,11.5096952908587,6.99455858489765,6.05049469636136e-05,0.00185548504021748,0.00133747777498514,"3043/9788/3122/283/9332",5,"Upres_DEq_MS_CM_vs_BM2"
"GO:0106139","GO:0106139","symbiont cell surface","2/24","20/19944",0.1,83.1,12.7504668614717,0.000260220265767296,0.0059850661126478,0.00431417809035254,"713/4153",2,"Upres_DEq_MS_CM_vs_BM2"
