"ID","Description","GeneRatio","BgRatio","RichFactor","FoldEnrichment","zScore","pvalue","p.adjust","qvalue","geneID","Count","name"
"GO:0106068","SUMO ligase complex","6/337","13/19944",0.461538461538462,27.3143118009587,12.4423888156796,3.45761678934316e-08,1.05457312074966e-05,9.57213911155001e-06,"197370/56160/54780/23137/286053/79677",6,"Down_res_DEq_MS_BM1_vs_BD"
"GO:0072562","blood microparticle","11/337","145/19944",0.0758620689655172,4.48959377877827,5.52893988431432,3.67907698134779e-05,0.00561059239655539,0.00509261708470774,"7018/3273/5627/3827/7037/197/2638/590/3043/3697/173",11,"Down_res_DEq_MS_BM1_vs_BD"
"GO:0005788","endoplasmic reticulum lumen","15/337","319/19944",0.0470219435736677,2.7828060612262,4.20822770670667,0.000371843976282691,0.0283531031915552,0.025735517305881,"7018/3827/2158/11167/6694/23491/197/2326/116519/590/10618/285362/6383/57544/140606",15,"Down_res_DEq_MS_BM1_vs_BD"
"GO:0045178","basal part of cell","15/337","319/19944",0.0470219435736677,2.7828060612262,4.20822770670667,0.000371843976282691,0.0283531031915552,0.025735517305881,"3248/7018/6580/7037/10991/10864/9123/8671/55244/4233/10351/6554/133308/486/3077",15,"Down_res_DEq_MS_BM1_vs_BD"
"GO:0005796","Golgi lumen","8/337","109/19944",0.073394495412844,4.34356028639098,4.58892463682587,0.000528964899994953,0.0316894893464848,0.0287638850668698,"5627/2158/6382/5046/2817/10082/6383/1672",8,"Down_res_DEq_MS_BM1_vs_BD"
"GO:0009925","basal plasma membrane","14/337","300/19944",0.0466666666666667,2.76178041543027,4.03090036221878,0.000623399790422652,0.0316894893464848,0.0287638850668698,"3248/7018/6580/7037/10991/10864/9123/8671/55244/4233/10351/6554/133308/486",14,"Down_res_DEq_MS_BM1_vs_BD"
