"ID","Description","GeneRatio","BgRatio","RichFactor","FoldEnrichment","zScore","pvalue","p.adjust","qvalue","geneID","Count","name"
"GO:0031464","Cul4A-RING E3 ubiquitin ligase complex","1/1","14/19944",0.0714285714285714,1424.57142857143,37.7302455408314,0.000701965503409618,0.00350982751704809,NA,"1643",1,"Up_res_DEq_MS_BM1_vs_B2"
"GO:0080008","Cul4-RING E3 ubiquitin ligase complex","1/1","38/19944",0.0263157894736842,524.842105263158,22.8875971928719,0.00190533493782585,0.00476333734456463,NA,"1643",1,"Up_res_DEq_MS_BM1_vs_B2"
"GO:0090734","site of DNA damage","1/1","135/19944",0.00740740740740741,147.733333333333,12.1133535131,0.00676895306859204,0.0112815884476534,NA,"1643",1,"Up_res_DEq_MS_BM1_vs_B2"
"GO:0031461","cullin-RING ubiquitin ligase complex","1/1","234/19944",0.00427350427350427,85.2307692307692,9.17773224880576,0.0117328519855596,0.0146660649819495,NA,"1643",1,"Up_res_DEq_MS_BM1_vs_B2"
"GO:0000151","ubiquitin ligase complex","1/1","360/19944",0.00277777777777778,55.4,7.37563556583431,0.0180505415162455,0.0180505415162455,NA,"1643",1,"Up_res_DEq_MS_BM1_vs_B2"
