"ID","Description","GeneRatio","BgRatio","RichFactor","FoldEnrichment","zScore","pvalue","p.adjust","qvalue","geneID","Count","name"
"GO:0106068","SUMO ligase complex","2/25","13/19944",0.153846153846154,122.732307692308,15.5540850659499,0.000116672784151262,0.00735038540152949,0.00491253828005313,"23137/79677",2,"Up_B1_vs_C"
"GO:0072562","blood microparticle","3/25","145/19944",0.0206896551724138,16.5053793103448,6.63859617495631,0.000769894196644127,0.0183768597749291,0.0122819447117321,"2638/3500/197",3,"Up_B1_vs_C"
"GO:0000803","sex chromosome","2/25","35/19944",0.0571428571428571,45.5862857142857,9.35280924395388,0.00087508856071091,0.0183768597749291,0.0122819447117321,"23137/79677",2,"Up_B1_vs_C"
"GO:0031012","extracellular matrix","4/25","496/19944",0.00806451612903226,6.43354838709677,4.34128589694614,0.00315729958887444,0.0400708944962231,0.0267808818688208,"2822/283/197/8214",4,"Up_B1_vs_C"
"GO:0030312","external encapsulating structure","4/25","497/19944",0.00804828973843058,6.42060362173038,4.33541844874287,0.00318022972192247,0.0400708944962231,0.0267808818688208,"2822/283/197/8214",4,"Up_B1_vs_C"
