"ID","Description","GeneRatio","BgRatio","RichFactor","FoldEnrichment","zScore","pvalue","p.adjust","qvalue","geneID","Count","name"
"GO:0072562","blood microparticle","6/41","145/19944",0.0413793103448276,20.1285113540791,10.4923180768298,4.85337345326233e-07,6.69765536550202e-05,5.51751929423507e-05,"713/731/1/3043/10878/3310",6,"Up_DM_vs_CM"
"GO:0030139","endocytic vesicle","6/41","361/19944",0.0166204986149584,8.08485913113979,6.16556825680018,8.88414187776993e-05,0.00613005789566125,0.00504993327789027,"115677/3043/9332/283/3123/11151",6,"Up_DM_vs_CM"
"GO:0101002","ficolin-1-rich granule","4/41","186/19944",0.021505376344086,10.4610542879622,5.88372569824952,0.000566407362082536,0.0260547386557966,0.0214638579315487,"3689/1/3043/3310",4,"Up_DM_vs_CM"
"GO:0030666","endocytic vesicle membrane","4/41","208/19944",0.0192307692307692,9.35459662288931,5.4973765661518,0.000860398085939709,0.02968373396492,0.0244534192846023,"115677/9332/3123/11151",4,"Up_DM_vs_CM"
