"ID","Description","GeneRatio","BgRatio","RichFactor","FoldEnrichment","zScore","pvalue","p.adjust","qvalue","geneID","Count","name"
"GO:0098798","mitochondrial protein-containing complex","4/50","176/19944",0.0227272727272727,9.06545454545455,5.38794316236851,0.000983515671647538,0.033030441046282,0.0267665228194599,"65008/83943/51263/6183",4,"Up_BT_vs_res_DEq_MS_B2"
"GO:0034361","very-low-density lipoprotein particle","2/50","21/19944",0.0952380952380952,37.9885714285714,8.50195942920917,0.00125473091530379,0.033030441046282,0.0267665228194599,"7436/8542",2,"Up_BT_vs_res_DEq_MS_B2"
"GO:0034385","triglyceride-rich plasma lipoprotein particle","2/50","21/19944",0.0952380952380952,37.9885714285714,8.50195942920917,0.00125473091530379,0.033030441046282,0.0267665228194599,"7436/8542",2,"Up_BT_vs_res_DEq_MS_B2"
"GO:0000313","organellar ribosome","3/50","86/19944",0.0348837209302326,13.9144186046512,6.01693779777478,0.00131073178755087,0.033030441046282,0.0267665228194599,"65008/51263/6183",3,"Up_BT_vs_res_DEq_MS_B2"
"GO:0005761","mitochondrial ribosome","3/50","86/19944",0.0348837209302326,13.9144186046512,6.01693779777478,0.00131073178755087,0.033030441046282,0.0267665228194599,"65008/51263/6183",3,"Up_BT_vs_res_DEq_MS_B2"
