"ID","Description","GeneRatio","BgRatio","RichFactor","FoldEnrichment","zScore","pvalue","p.adjust","qvalue","geneID","Count","name"
"GO:0072562","blood microparticle","4/32","145/19944",0.0275862068965517,17.1931034482759,7.84522232674052,8.22727173365875e-05,0.00896772618968804,0.0066684202472813,"3043/10878/1/731",4,"Up_BM2_vs_CM"
"GO:0030139","endocytic vesicle","5/32","361/19944",0.0138504155124654,8.63227146814404,5.86652046659992,0.000254544362038235,0.0138726677310838,0.0103157451983916,"3043/9332/283/9788/3122",5,"Up_BM2_vs_CM"
