"ID","Description","GeneRatio","BgRatio","RichFactor","FoldEnrichment","zScore","pvalue","p.adjust","qvalue","geneID","Count","name"
"GO:0044391","ribosomal subunit","8/28","185/19944",0.0432432432432432,30.8015444015444,15.2691673900433,1.24899144873646e-10,3.28403273773295e-09,2.02644488353758e-09,"6124/6137/55052/6143/6194/6141/6132/6129",8,"Down_DM_vs_BM1"
"GO:0022625","cytosolic large ribosomal subunit","6/28","58/19944",0.103448275862069,73.6847290640394,20.7853172047379,1.66201795238805e-10,3.28403273773295e-09,2.02644488353758e-09,"6124/6137/6143/6141/6132/6129",6,"Down_DM_vs_BM1"
"GO:0015934","large ribosomal subunit","7/28","114/19944",0.0614035087719298,43.7368421052632,17.1580013772378,1.77414330318999e-10,3.28403273773295e-09,2.02644488353758e-09,"6124/6137/55052/6143/6141/6132/6129",7,"Down_DM_vs_BM1"
"GO:0022626","cytosolic ribosome","7/28","118/19944",0.0593220338983051,42.2542372881356,16.8525341738018,2.26485016395376e-10,3.28403273773295e-09,2.02644488353758e-09,"6124/6137/6143/6194/6141/6132/6129",7,"Down_DM_vs_BM1"
"GO:0005840","ribosome","8/28","243/19944",0.0329218106995885,23.4497354497354,13.202112535648,1.09013274459308e-09,1.26455398372798e-08,7.80305543498207e-09,"6124/6137/55052/6143/6194/6141/6132/6129",8,"Down_DM_vs_BM1"
"GO:0005925","focal adhesion","6/28","423/19944",0.0141843971631206,10.1033434650456,7.09566793768882,2.2277451123257e-05,0.00021051822979015,0.000129902355950365,"6124/6143/2273/6141/6132/6129",6,"Down_DM_vs_BM1"
"GO:0030055","cell-substrate junction","6/28","433/19944",0.0138568129330254,9.87000989772352,6.99683269933384,2.54073725608802e-05,0.00021051822979015,0.000129902355950365,"6124/6143/2273/6141/6132/6129",6,"Down_DM_vs_BM1"
"GO:0005791","rough endoplasmic reticulum","2/28","59/19944",0.0338983050847458,24.1452784503632,6.67573086527751,0.00309518379494604,0.0224400825133588,0.013846874872127,"6124/6141",2,"Down_DM_vs_BM1"
