"ID","Description","GeneRatio","BgRatio","RichFactor","FoldEnrichment","zScore","pvalue","p.adjust","qvalue","geneID","Count","name"
"GO:0034361","very-low-density lipoprotein particle","3/129","21/19944",0.142857142857143,22.0863787375415,7.80058806232997,0.000322877597501606,0.0309962493601542,0.0297387260856742,"116519/7436/346",3,"Up_BDM_vs_B1"
"GO:0034385","triglyceride-rich plasma lipoprotein particle","3/129","21/19944",0.142857142857143,22.0863787375415,7.80058806232997,0.000322877597501606,0.0309962493601542,0.0297387260856742,"116519/7436/346",3,"Up_BDM_vs_B1"
