"","ID","Description","GeneRatio","BgRatio","RichFactor","FoldEnrichment","zScore","pvalue","p.adjust","qvalue","geneID","Count","name"
"GO:0106068","GO:0106068","SUMO ligase complex","2/25","13/19944",0.153846153846154,122.732307692308,15.5540850659499,0.000116672784151262,0.00630033034416814,0.0056494190220611,"286053/56160",2,"Upres_DEq_MS_C_vs_B2"
"GO:0016324","GO:0016324","apical plasma membrane","4/25","425/19944",0.00941176470588235,7.5083294117647,4.80470460561537,0.00180344160215304,0.0486929232581321,0.0436622703679157,"6580/5244/55107/10991",4,"Upres_DEq_MS_C_vs_B2"
