"ID","Description","GeneRatio","BgRatio","RichFactor","FoldEnrichment","zScore","pvalue","p.adjust","qvalue","geneID","Count","name"
"GO:0034361","very-low-density lipoprotein particle","3/121","21/19944",0.142857142857143,23.5466351829988,8.07638952714874,0.000267484950528396,0.0254110703001976,0.0242144271004653,"116519/7436/346",3,"Down_res_DEq_MS_B1_vs_BDM"
"GO:0034385","triglyceride-rich plasma lipoprotein particle","3/121","21/19944",0.142857142857143,23.5466351829988,8.07638952714874,0.000267484950528396,0.0254110703001976,0.0242144271004653,"116519/7436/346",3,"Down_res_DEq_MS_B1_vs_BDM"
