"ID","Description","GeneRatio","BgRatio","RichFactor","FoldEnrichment","zScore","pvalue","p.adjust","qvalue","geneID","Count","name"
"GO:0005938","cell cortex","2/5","324/19944",0.00617283950617284,24.6222222222222,6.78847642996248,0.00254719714736397,0.0268493718269457,0.0100937488071225,"3880/83872",2,"Down_B1_vs_BM2"
"GO:0031464","Cul4A-RING E3 ubiquitin ligase complex","1/5","14/19944",0.0714285714285714,284.914285714286,16.8277547556997,0.00350525445291339,0.0268493718269457,0.0100937488071225,"1643",1,"Down_B1_vs_BM2"
"GO:0043034","costamere","1/5","16/19944",0.0625,249.3,15.733792333751,0.00400520163859142,0.0268493718269457,0.0100937488071225,"3880",1,"Down_B1_vs_BM2"
"GO:0016010","dystrophin-associated glycoprotein complex","1/5","18/19944",0.0555555555555556,221.6,14.8272379681339,0.00450494814301328,0.0268493718269457,0.0100937488071225,"3880",1,"Down_B1_vs_BM2"
"GO:0016327","apicolateral plasma membrane","1/5","23/19944",0.0434782608695652,173.426086956522,13.102069016798,0.0057534368200598,0.0268493718269457,0.0100937488071225,"3880",1,"Down_B1_vs_BM2"
"GO:0090665","glycoprotein complex","1/5","23/19944",0.0434782608695652,173.426086956522,13.102069016798,0.0057534368200598,0.0268493718269457,0.0100937488071225,"3880",1,"Down_B1_vs_BM2"
"GO:0080008","Cul4-RING E3 ubiquitin ligase complex","1/5","38/19944",0.0263157894736842,104.968421052632,10.1585051950832,0.00949138900494284,0.0379655560197714,0.0142727654209667,"1643",1,"Down_B1_vs_BM2"
"GO:0032154","cleavage furrow","1/5","55/19944",0.0181818181818182,72.5236363636364,8.41110428256141,0.01371413500157,0.0479994725054951,0.0180449144757501,"83872",1,"Down_B1_vs_BM2"
