"ID","Description","GeneRatio","BgRatio","RichFactor","FoldEnrichment","zScore","pvalue","p.adjust","qvalue","geneID","Count","name"
"GO:0106068","SUMO ligase complex","2/17","13/19944",0.153846153846154,180.488687782805,18.907885295735,5.30474956433062e-05,0.00286456476473853,0.00173102354204473,"23137/56160",2,"Down_DM_vs_res_DEq_MS_B2"
"GO:0031968","organelle outer membrane","3/17","262/19944",0.0114503816793893,13.4333183655141,5.91700356724109,0.00132976879375299,0.0244645095406633,0.0147836217497186,"10204/101928527/2309",3,"Down_DM_vs_res_DEq_MS_B2"
"GO:0019867","outer membrane","3/17","264/19944",0.0113636363636364,13.331550802139,5.89122836311081,0.00135913941892574,0.0244645095406633,0.0147836217497186,"10204/101928527/2309",3,"Down_DM_vs_res_DEq_MS_B2"
"GO:0005788","endoplasmic reticulum lumen","3/17","319/19944",0.00940438871473354,11.0330075603909,5.27618959644565,0.00233391772256862,0.0315078892546764,0.0190398551051651,"197/5955/336",3,"Down_DM_vs_res_DEq_MS_B2"
