"ID","Description","GeneRatio","BgRatio","RichFactor","FoldEnrichment","zScore","pvalue","p.adjust","qvalue","geneID","Count","name"
"GO:0106068","SUMO ligase complex","6/71","13/19944",0.461538461538462,129.646803900325,27.7331266756106,2.75928709946505e-12,4.38726648814942e-10,3.60159579298595e-10,"286053/56160/23137/79677/197370/54780",6,"Up_BT_vs_BM1"
"GO:0000781","chromosome, telomeric region","6/71","177/19944",0.0338983050847458,9.52208164239675,6.80698267475821,3.98644989329132e-05,0.0031692276651666,0.00260168308825328,"286053/56160/23137/79677/197370/54780",6,"Up_BT_vs_BM1"
"GO:0005925","focal adhesion","8/71","423/19944",0.0189125295508274,5.31255618819299,5.35854179229729,0.000126799314552831,0.00591647733298894,0.00485695590394326,"7145/247/9590/1264/390/11135/4739/157285",8,"Up_BT_vs_BM1"
"GO:0030055","cell-substrate junction","8/71","433/19944",0.0184757505773672,5.18986435936636,5.26861968263775,0.000148842197056326,0.00591647733298894,0.00485695590394326,"7145/247/9590/1264/390/11135/4739/157285",8,"Up_BT_vs_BM1"
"GO:0000922","spindle pole","5/71","185/19944",0.027027027027027,7.59192995812714,5.38404486844853,0.000516166682791726,0.0140588673096996,0.0115412085164035,"6683/79677/197370/93323/4739",5,"Up_BT_vs_BM1"
"GO:0000793","condensed chromosome","6/71","288/19944",0.0208333333333333,5.85211267605634,4.95760878114304,0.000561337842085494,0.0140588673096996,0.0115412085164035,"286053/56160/23137/79677/197370/54780",6,"Up_BT_vs_BM1"
"GO:0016605","PML body","4/71","109/19944",0.036697247706422,10.3083085669983,5.82452643709701,0.000618943843823253,0.0140588673096996,0.0115412085164035,"286053/23137/79677/4034",4,"Up_BT_vs_BM1"
"GO:0034361","very-low-density lipoprotein particle","2/71","21/19944",0.0952380952380952,26.7525150905433,7.05739837205479,0.00251165754069043,0.0443726165521976,0.036426378367908,"7436/8542",2,"Up_BT_vs_BM1"
"GO:0034385","triglyceride-rich plasma lipoprotein particle","2/71","21/19944",0.0952380952380952,26.7525150905433,7.05739837205479,0.00251165754069043,0.0443726165521976,0.036426378367908,"7436/8542",2,"Up_BT_vs_BM1"
