"ID","Description","GeneRatio","BgRatio","RichFactor","FoldEnrichment","zScore","pvalue","p.adjust","qvalue","geneID","Count","name"
"GO:0072562","blood microparticle","5/23","145/19944",0.0344827586206897,29.9010494752624,11.8680558567028,5.73954259415618e-07,2.98456214896121e-05,2.23540079982925e-05,"1/713/10878/3493/731",5,"Up_res_DEq_MS_BM1_vs_CM"
"GO:0044217","other organism part","2/23","36/19944",0.0555555555555556,48.1739130434783,9.6259351479661,0.000782576931492628,0.0203470002188083,0.0152396560343301,"713/731",2,"Up_res_DEq_MS_BM1_vs_CM"
