"ID","Description","GeneRatio","BgRatio","RichFactor","FoldEnrichment","zScore","pvalue","p.adjust","qvalue","geneID","Count","name"
"GO:0106068","SUMO ligase complex","2/25","13/19944",0.153846153846154,122.732307692308,15.5540850659499,0.000116672784151262,0.00863378602719337,0.00589504593606375,"23137/79677",2,"Down_C_vs_res_DEq_MS_B1"
"GO:0072562","blood microparticle","3/25","145/19944",0.0206896551724138,16.5053793103448,6.63859617495631,0.000769894196644127,0.0215855178308691,0.0147383336540785,"2638/197/3500",3,"Down_C_vs_res_DEq_MS_B1"
"GO:0000803","sex chromosome","2/25","35/19944",0.0571428571428571,45.5862857142857,9.35280924395388,0.00087508856071091,0.0215855178308691,0.0147383336540785,"23137/79677",2,"Down_C_vs_res_DEq_MS_B1"
