"ID","Description","GeneRatio","BgRatio","RichFactor","FoldEnrichment","zScore","pvalue","p.adjust","qvalue","geneID","Count","name"
"GO:0106068","SUMO ligase complex","3/35","13/19944",0.230769230769231,131.498901098901,19.7341547580895,1.3990277084311e-06,9.23358287564524e-05,7.65783587772811e-05,"23137/286053/56160",3,"Down_C_vs_B2"
"GO:0031012","extracellular matrix","5/35","496/19944",0.0100806451612903,5.7442396313364,4.4861575951643,0.0016342837528329,0.0362740131236404,0.0300837110435295,"197/283/8214/2822/6275",5,"Down_C_vs_B2"
"GO:0030312","external encapsulating structure","5/35","497/19944",0.0100603621730382,5.73268180511641,4.47985272761268,0.00164881877834729,0.0362740131236404,0.0300837110435295,"197/283/8214/2822/6275",5,"Down_C_vs_B2"
