"","ID","Description","GeneRatio","BgRatio","RichFactor","FoldEnrichment","zScore","pvalue","p.adjust","qvalue","geneID","Count","name"
"GO:0005788","GO:0005788","endoplasmic reticulum lumen","14/246","319/19944",0.0438871473354232,3.55807018885236,5.14700626653713,4.53098640431818e-05,0.00823932776418393,0.00752748911921472,"590/2326/11167/6694/80781/10618/2158/3827/197/7018/6383/116519/23491/285362",14,"Downres_DEq_MS_BD_vs_B1"
"GO:0005796","GO:0005796","Golgi lumen","8/246","109/19944",0.073394495412844,5.95032445737301,5.79138641245102,6.21836057674259e-05,0.00823932776418393,0.00752748911921472,"1672/2158/5627/6382/5046/6383/2817/10082",8,"Downres_DEq_MS_BD_vs_B1"
