"","ID","Description","GeneRatio","BgRatio","RichFactor","FoldEnrichment","zScore","pvalue","p.adjust","qvalue","geneID","Count","name"
"GO:0031464","GO:0031464","Cul4A-RING E3 ubiquitin ligase complex","1/2","14/19944",0.0714285714285714,712.285714285714,26.6612398095442,0.00140347342513403,0.00842084055080417,NA,"1643",1,"Upres_DEq_MS_B2_vs_BM2"
"GO:0080008","GO:0080008","Cul4-RING E3 ubiquitin ligase complex","1/2","38/19944",0.0263157894736842,262.421052631579,16.1534854183779,0.00380713493142582,0.0114214047942774,NA,"1643",1,"Upres_DEq_MS_B2_vs_BM2"
"GO:1990204","GO:1990204","oxidoreductase complex","1/2","117/19944",0.00854700854700855,85.2307692307692,9.15084250850566,0.0116987294656197,0.0202386367935621,NA,"50484",1,"Upres_DEq_MS_B2_vs_BM2"
"GO:0090734","GO:0090734","site of DNA damage","1/2","135/19944",0.00740740740740741,73.8666666666667,8.5072735489453,0.0134924245290414,0.0202386367935621,NA,"1643",1,"Upres_DEq_MS_B2_vs_BM2"
"GO:0031461","GO:0031461","cullin-RING ubiquitin ligase complex","1/2","234/19944",0.00427350427350427,42.6153846153846,6.4127515727971,0.0233286255720503,0.0279943506864603,NA,"1643",1,"Upres_DEq_MS_B2_vs_BM2"
"GO:0000151","GO:0000151","ubiquitin ligase complex","1/2","360/19944",0.00277777777777778,27.7,5.11961965847221,0.0357761497524263,0.0357761497524263,NA,"1643",1,"Upres_DEq_MS_B2_vs_BM2"
