"ID","Description","GeneRatio","BgRatio","RichFactor","FoldEnrichment","zScore","pvalue","p.adjust","qvalue","geneID","Count","name"
"GO:0031464","Cul4A-RING E3 ubiquitin ligase complex","1/3","14/19944",0.0714285714285714,474.857142857143,21.7540541496915,0.00210452404052097,0.0294633365672936,0.00886115385482514,"1643",1,"Up_BM2_vs_res_DEq_MS_B2"
"GO:0080008","Cul4-RING E3 ubiquitin ligase complex","1/3","38/19944",0.0263157894736842,174.947368421053,13.1643695878352,0.00570540636220551,0.0356800997736427,0.0107308570747798,"1643",1,"Up_BM2_vs_res_DEq_MS_B2"
"GO:0032154","cleavage furrow","1/3","55/19944",0.0181818181818182,120.872727272727,10.9188691713931,0.00825078331797291,0.0356800997736427,0.0107308570747798,"83872",1,"Up_BM2_vs_res_DEq_MS_B2"
"GO:0032153","cell division site","1/3","68/19944",0.0147058823529412,97.7647058823529,9.80368499724802,0.0101943142210408,0.0356800997736427,0.0107308570747798,"83872",1,"Up_BM2_vs_res_DEq_MS_B2"
"GO:0005604","basement membrane","1/3","100/19944",0.01,66.48,8.05149387334558,0.0149675689510939,0.0403414354274116,0.0121327625345599,"83872",1,"Up_BM2_vs_res_DEq_MS_B2"
"GO:1990204","oxidoreductase complex","1/3","117/19944",0.00854700854700855,56.8205128205128,7.42746569866381,0.0174971071936573,0.0403414354274116,0.0121327625345599,"50484",1,"Up_BM2_vs_res_DEq_MS_B2"
"GO:0090734","site of DNA damage","1/3","135/19944",0.00740740740740741,49.2444444444444,6.89866924287796,0.0201707177137058,0.0403414354274116,0.0121327625345599,"1643",1,"Up_BM2_vs_res_DEq_MS_B2"
