"ID","Description","GeneRatio","BgRatio","RichFactor","FoldEnrichment","zScore","pvalue","p.adjust","qvalue","geneID","Count","name"
"GO:0072562","blood microparticle","5/25","145/19944",0.0344827586206897,27.5089655172414,11.3497589167261,8.95694229497548e-07,6.44899845238235e-05,4.33704574283023e-05,"713/1/10878/3493/731",5,"Down_CM_vs_BM1"
"GO:0044217","other organism part","2/25","36/19944",0.0555555555555556,44.32,9.21631617957571,0.000925853314764362,0.033330719331517,0.0224153960416635,"713/731",2,"Down_CM_vs_BM1"
