"ID","Description","GeneRatio","BgRatio","RichFactor","FoldEnrichment","zScore","pvalue","p.adjust","qvalue","geneID","Count","name"
"GO:0106068","SUMO ligase complex","3/4","13/19944",0.230769230769231,1150.61538461538,58.7249102823371,8.65052439402439e-10,9.51557683342683e-09,2.73174454548139e-09,"286053/23137/56160",3,"Up_res_DEq_MS_B2_vs_BM1"
"GO:0000781","chromosome, telomeric region","3/4","177/19944",0.0169491525423729,84.5084745762712,15.8055446503995,2.7312472115449e-06,1.50218596634969e-05,4.31249559717615e-06,"286053/23137/56160",3,"Up_res_DEq_MS_B2_vs_BM1"
"GO:0000793","condensed chromosome","3/4","288/19944",0.0104166666666667,51.9375,12.3324385895002,1.17936587457365e-05,4.32434154010338e-05,1.2414377627091e-05,"286053/23137/56160",3,"Up_res_DEq_MS_B2_vs_BM1"
"GO:0098687","chromosomal region","3/4","413/19944",0.00726392251815981,36.2179176755448,10.2432818569708,3.47238928560074e-05,9.54907053540203e-05,2.74135996231637e-05,"286053/23137/56160",3,"Up_res_DEq_MS_B2_vs_BM1"
"GO:0016605","PML body","2/4","109/19944",0.018348623853211,91.4862385321101,13.4165960783798,0.00017631401791238,0.000387890839407236,0.000111356221839398,"286053/23137",2,"Up_res_DEq_MS_B2_vs_BM1"
"GO:0000803","sex chromosome","1/4","35/19944",0.0285714285714286,142.457142857143,11.8630632018014,0.00700172354850193,0.0128364931722535,0.00368511765710628,"23137",1,"Up_res_DEq_MS_B2_vs_BM1"
"GO:0035861","site of double-strand break","1/4","100/19944",0.01,49.86,6.93747636827386,0.0199073033227346,0.0312829052214401,0.00898073834108328,"23137",1,"Up_res_DEq_MS_B2_vs_BM1"
"GO:0090734","site of DNA damage","1/4","135/19944",0.00740740740740741,36.9333333333333,5.93329275862941,0.0268041339470265,0.0368556841771615,0.0105805791896157,"23137",1,"Up_res_DEq_MS_B2_vs_BM1"
