"ID","Description","GeneRatio","BgRatio","RichFactor","FoldEnrichment","zScore","pvalue","p.adjust","qvalue","geneID","Count","name"
"GO:0106068","SUMO ligase complex","6/126","13/19944",0.461538461538462,73.0549450549451,20.7215161222808,9.33258908823143e-11,2.21182361391085e-08,1.89598915160912e-08,"286053/23137/56160/79677/197370/54780",6,"Up_BT_vs_CM"
"GO:0000781","chromosome, telomeric region","7/126","177/19944",0.0395480225988701,6.25988700564972,5.60458256981859,0.000133894145438589,0.0158664562344728,0.0136008263524461,"286053/23137/56160/79677/197370/54780/51548",7,"Up_BT_vs_CM"
"GO:0072562","blood microparticle","6/126","145/19944",0.0413793103448276,6.54975369458128,5.34794198603423,0.0003205234598728,0.0253213533299512,0.0217056237738422,"2638/1356/3043/8542/1/197",6,"Up_BT_vs_CM"
