"ID","Description","GeneRatio","BgRatio","RichFactor","FoldEnrichment","zScore","pvalue","p.adjust","qvalue","geneID","Count","name"
"GO:0106068","SUMO ligase complex","6/107","13/19944",0.461538461538462,86.0273184759166,22.5224043525092,3.44423777313625e-11,6.3373975025707e-09,5.29324963029361e-09,"286053/23137/79677/56160/54780/197370",6,"Down_C_vs_BT"
"GO:0000781","chromosome, telomeric region","7/107","177/19944",0.0395480225988701,7.37145572627911,6.25322504319134,4.76124064103515e-05,0.00438034138975234,0.00365863754521649,"286053/23137/79677/56160/51548/54780/197370",7,"Down_C_vs_BT"
"GO:0098798","mitochondrial protein-containing complex","6/107","176/19944",0.0340909090909091,6.35429056924384,5.23993669883669,0.000375226289472373,0.0230138790876389,0.0192221186887601,"65008/84545/118487/81689/400916/83943",6,"Down_C_vs_BT"
"GO:0000803","sex chromosome","3/107","35/19944",0.0857142857142857,15.9765020026702,6.51281623885061,0.000867241641743294,0.0398931155201915,0.033320336761716,"23137/79677/23512",3,"Down_C_vs_BT"
"GO:0000792","heterochromatin","4/107","85/19944",0.0470588235294118,8.7714128642111,5.27326860588641,0.00113578909760887,0.0417970387920065,0.0349105701580832,"51548/53615/6299/23512",4,"Down_C_vs_BT"
