"","ID","Description","GeneRatio","BgRatio","RichFactor","FoldEnrichment","zScore","pvalue","p.adjust","qvalue","geneID","Count","name"
"GO:0005788","GO:0005788","endoplasmic reticulum lumen","2/3","319/19944",0.00626959247648903,41.6802507836991,8.98372678579368,0.000757023481407951,0.0136264226653431,0.00318746729013874,"5955/197",2,"Upres_DEq_MS_BM2_vs_B2"
"GO:0106068","GO:0106068","SUMO ligase complex","1/3","13/19944",0.0769230769230769,511.384615384615,22.5780854165882,0.00195429890865251,0.0175886901778726,0.00411431349190002,"197370",1,"Upres_DEq_MS_BM2_vs_B2"
"GO:0097431","GO:0097431","mitotic spindle pole","1/3","39/19944",0.0256410256410256,170.461538461538,12.9928601121856,0.00585525483909233,0.035131529034554,0.00821790152855064,"197370",1,"Upres_DEq_MS_BM2_vs_B2"
"GO:0031093","GO:0031093","platelet alpha granule lumen","1/3","67/19944",0.0149253731343284,99.2238805970149,9.87782836830458,0.0100449020716326,0.0452020593223465,0.0105735811280343,"197",1,"Upres_DEq_MS_BM2_vs_B2"
"GO:0031091","GO:0031091","platelet alpha granule","1/3","91/19944",0.010989010989011,73.0549450549451,8.44994381861593,0.0136266456862432,0.0490559244704754,0.0114750700515732,"197",1,"Upres_DEq_MS_BM2_vs_B2"
