"ID","Description","GeneRatio","BgRatio","RichFactor","FoldEnrichment","zScore","pvalue","p.adjust","qvalue","geneID","Count","name"
"GO:0106068","SUMO ligase complex","6/345","13/19944",0.461538461538462,26.6809364548495,12.2886966455029,3.9747165397254e-08,1.2361368438546e-05,1.13802410400559e-05,"197370/56160/54780/23137/286053/79677",6,"Down_BM1_vs_BD"
"GO:0072562","blood microparticle","11/345","145/19944",0.0758620689655172,4.38548725637181,5.42839438216339,4.55048195667182e-05,0.00707599944262468,0.00651437416955124,"7018/3273/5627/3827/7037/2638/590/197/3043/3697/173",11,"Down_BM1_vs_BD"
"GO:0005788","endoplasmic reticulum lumen","15/345","319/19944",0.0470219435736677,2.71827722502385,4.10460697006569,0.000475198744764314,0.0369467024054254,0.0340142259410245,"7018/11167/3827/2158/80781/6694/23491/116519/2326/590/197/10618/285362/6383/57544",15,"Down_BM1_vs_BD"
"GO:0045178","basal part of cell","15/345","319/19944",0.0470219435736677,2.71827722502385,4.10460697006569,0.000475198744764314,0.0369467024054254,0.0340142259410245,"7018/3248/7037/6580/10991/10864/8671/9123/4233/10351/55244/6554/486/133308/3077",15,"Down_BM1_vs_BD"
"GO:0005796","Golgi lumen","8/345","109/19944",0.073394495412844,4.24284004786598,4.50412578125208,0.000616903482674068,0.038371396622327,0.0353258415341782,"5046/5627/2158/2817/6382/10082/6383/1672",8,"Down_BM1_vs_BD"
"GO:0009925","basal plasma membrane","14/345","300/19944",0.0466666666666667,2.69773913043478,3.93101280919367,0.000783244276208491,0.0405981616501401,0.0373758672155631,"7018/3248/7037/6580/10991/10864/8671/9123/4233/10351/55244/6554/486/133308",14,"Down_BM1_vs_BD"
