"ID","Description","GeneRatio","BgRatio","RichFactor","FoldEnrichment","zScore","pvalue","p.adjust","qvalue","geneID","Count","name"
"GO:0044391","ribosomal subunit","8/25","185/19944",0.0432432432432432,34.4977297297297,16.2162429007709,4.45074891069753e-11,1.00303067392017e-09,7.61173828433914e-10,"55052/6137/6143/6124/6132/6194/6129/6141",8,"Up_res_DEq_MS_BM1_vs_DM"
"GO:0015934","large ribosomal subunit","7/25","114/19944",0.0614035087719298,48.9852631578947,18.2024745538542,7.30509098353857e-11,1.00303067392017e-09,7.61173828433914e-10,"55052/6137/6143/6124/6132/6129/6141",7,"Up_res_DEq_MS_BM1_vs_DM"
"GO:0022625","cytosolic large ribosomal subunit","6/25","58/19944",0.103448275862069,82.5268965517241,22.0278785295307,7.86553409707375e-11,1.00303067392017e-09,7.61173828433914e-10,"6137/6143/6124/6132/6129/6141",6,"Up_res_DEq_MS_BM1_vs_DM"
"GO:0022626","cytosolic ribosome","7/25","118/19944",0.0593220338983051,47.3247457627119,17.880019183421,9.33051789693185e-11,1.00303067392017e-09,7.61173828433914e-10,"6137/6143/6124/6132/6194/6129/6141",7,"Up_res_DEq_MS_BM1_vs_DM"
"GO:0005840","ribosome","8/25","243/19944",0.0329218106995885,26.2637037037037,14.0374267706192,3.9150898689463e-10,3.36697728729382e-09,2.55511128289127e-09,"55052/6137/6143/6124/6132/6194/6129/6141",8,"Up_res_DEq_MS_BM1_vs_DM"
"GO:0005925","focal adhesion","6/25","423/19944",0.0141843971631206,11.3157446808511,7.59715908653655,1.10520955596323e-05,7.75301925130619e-05,5.88356418091779e-05,"6143/6124/2273/6132/6129/6141",6,"Up_res_DEq_MS_BM1_vs_DM"
"GO:0030055","cell-substrate junction","6/25","433/19944",0.0138568129330254,11.0544110854503,7.49363101541715,1.26211941300333e-05,7.75301925130619e-05,5.88356418091779e-05,"6143/6124/2273/6132/6129/6141",6,"Up_res_DEq_MS_BM1_vs_DM"
"GO:0005791","rough endoplasmic reticulum","2/25","59/19944",0.0338983050847458,27.0427118644068,7.09709955342897,0.00247052271451209,0.0132790595905025,0.0100771321249835,"6124/6141",2,"Up_res_DEq_MS_BM1_vs_DM"
"GO:0005881","cytoplasmic microtubule","2/25","122/19944",0.0163934426229508,13.0780327868852,4.74060605403147,0.010155926003681,0.0485227575731426,0.036822655685861,"221035/54867",2,"Up_res_DEq_MS_BM1_vs_DM"
