"","ID","Description","GeneRatio","BgRatio","RichFactor","FoldEnrichment","zScore","pvalue","p.adjust","qvalue","geneID","Count","name"
"GO:0042627","GO:0042627","chylomicron","4/322","13/19944",0.307692307692308,19.0578117534639,8.34302985545294,4.25012652737411e-05,0.0137279086834184,0.0125714268862329,"341/344/350/116519",4,"Downres_DEq_MS_BD_vs_B2"
"GO:0034358","GO:0034358","plasma lipoprotein particle","5/322","37/19944",0.135135135135135,8.36998489172402,5.74799122105788,0.00030334243897437,0.0207522267991163,0.0190039945593993,"341/344/350/4018/116519",5,"Downres_DEq_MS_BD_vs_B2"
"GO:1990777","GO:1990777","lipoprotein particle","5/322","37/19944",0.135135135135135,8.36998489172402,5.74799122105788,0.00030334243897437,0.0207522267991163,0.0190039945593993,"341/344/350/4018/116519",5,"Downres_DEq_MS_BD_vs_B2"
"GO:0034361","GO:0034361","very-low-density lipoprotein particle","4/322","21/19944",0.19047619047619,11.7976929902396,6.34183297374023,0.000321241900915113,0.0207522267991163,0.0190039945593993,"341/344/350/116519",4,"Downres_DEq_MS_BD_vs_B2"
"GO:0034385","GO:0034385","triglyceride-rich plasma lipoprotein particle","4/322","21/19944",0.19047619047619,11.7976929902396,6.34183297374023,0.000321241900915113,0.0207522267991163,0.0190039945593993,"341/344/350/116519",4,"Downres_DEq_MS_BD_vs_B2"
"GO:0032994","GO:0032994","protein-lipid complex","5/322","40/19944",0.125,7.74223602484472,5.46783386798915,0.000440160167499557,0.0236952890170595,0.021699124046908,"341/344/350/4018/116519",5,"Downres_DEq_MS_BD_vs_B2"
"GO:0016324","GO:0016324","apical plasma membrane","17/322","425/19944",0.04,2.47751552795031,3.94411238662898,0.000587437621803896,0.0239271745681649,0.0219114748367422,"10864/9154/6580/9123/7018/10327/5244/6567/4891/3084/1579/4647/2195/55107/55244/10991/64116",17,"Downres_DEq_MS_BD_vs_B2"
"GO:0072562","GO:0072562","blood microparticle","9/322","145/19944",0.0620689655172414,3.84442064681945,4.40359875715777,0.000592623518716158,0.0239271745681649,0.0219114748367422,"3273/3043/3827/197/2638/7018/590/5627/3697",9,"Downres_DEq_MS_BD_vs_B2"
"GO:0034364","GO:0034364","high-density lipoprotein particle","4/322","27/19944",0.148148148148148,9.175983436853,5.44579724853085,0.000872815120059809,0.0313243648643687,0.0286855027762347,"341/344/350/116519",4,"Downres_DEq_MS_BD_vs_B2"
