"ID","Description","GeneRatio","BgRatio","RichFactor","FoldEnrichment","zScore","pvalue","p.adjust","qvalue","geneID","Count","name"
"GO:0005788","endoplasmic reticulum lumen","15/277","319/19944",0.0470219435736677,3.38557993730408,5.09742157522649,4.31663363522654e-05,0.0123024058603957,0.0114504386955483,"80781/3827/2158/11167/2326/7018/116519/6694/590/23491/10618/285362/6383/197/57544",15,"Down_B1_vs_BD"
"GO:0005796","Golgi lumen","8/277","109/19944",0.073394495412844,5.28440366972477,5.32296486376716,0.000141641951686123,0.0201839781152725,0.0187861956973173,"5627/2158/6382/1672/10082/2817/6383/5046",8,"Down_B1_vs_BD"
