"","ID","Description","GeneRatio","BgRatio","pvalue","p.adjust","qvalue","geneID","Count"
"R-HSA-5423646","R-HSA-5423646","Aflatoxin activation and detoxification","1/3","19/10955",0.00519455810530245,0.0369660482277566,0.00833820636716314,"1800",1
"R-HSA-2142691","R-HSA-2142691","Synthesis of Leukotrienes (LT) and Eoxins (EX)","1/3","21/10955",0.00574030488701061,0.0369660482277566,0.00833820636716314,"1800",1
"R-HSA-983170","R-HSA-983170","Antigen Presentation: Folding, assembly and peptide loading of class I MHC","1/3","29/10955",0.00792129604880498,0.0369660482277566,0.00833820636716314,"64167",1
"R-HSA-2142753","R-HSA-2142753","Arachidonic acid metabolism","1/3","59/10955",0.0160716050971187,0.0429605389200387,0.00969034712482076,"1800",1
"R-HSA-3108214","R-HSA-3108214","SUMOylation of DNA damage response and repair proteins","1/3","77/10955",0.0209402972091278,0.0429605389200387,0.00969034712482076,"197370",1
"R-HSA-9662851","R-HSA-9662851","Anti-inflammatory response favouring Leishmania parasite infection","1/3","79/10955",0.0214802694600194,0.0429605389200387,0.00969034712482076,"1800",1
"R-HSA-9664433","R-HSA-9664433","Leishmania parasite growth and survival","1/3","79/10955",0.0214802694600194,0.0429605389200387,0.00969034712482076,"1800",1
