"","ID","Description","GeneRatio","BgRatio","pvalue","p.adjust","qvalue","geneID","Count","name"
"GO:0043208","GO:0043208","glycosphingolipid binding","1/6","10/18369",0.0032623738518579,0.0378332367878464,0.0178523440378223,"5660",1,"Downres_DEq_MS_HBV_vs_HBV.myr"
"GO:0070008","GO:0070008","serine-type exopeptidase activity","1/6","10/18369",0.0032623738518579,0.0378332367878464,0.0178523440378223,"5476",1,"Downres_DEq_MS_HBV_vs_HBV.myr"
"GO:0005527","GO:0005527","macrolide binding","1/6","12/18369",0.00391378311598412,0.0378332367878464,0.0178523440378223,"3934",1,"Downres_DEq_MS_HBV_vs_HBV.myr"
"GO:0097001","GO:0097001","ceramide binding","1/6","19/18369",0.00619092244413577,0.0448841877199843,0.0211794715194118,"5660",1,"Downres_DEq_MS_HBV_vs_HBV.myr"
"GO:0046625","GO:0046625","sphingolipid binding","1/6","28/18369",0.00911229713256723,0.0456095184726661,0.0215217328546156,"5660",1,"Downres_DEq_MS_HBV_vs_HBV.myr"
"GO:0051861","GO:0051861","glycolipid binding","1/6","29/18369",0.00943645209779298,0.0456095184726661,0.0215217328546156,"5660",1,"Downres_DEq_MS_HBV_vs_HBV.myr"
"GO:0043394","GO:0043394","proteoglycan binding","1/6","36/18369",0.0117030634682016,0.0484841200825495,0.022878169185958,"1508",1,"Downres_DEq_MS_HBV_vs_HBV.myr"
