"","ID","Description","GeneRatio","BgRatio","pvalue","p.adjust","qvalue","geneID","Count","name"
"GO:0044183","GO:0044183","protein folding chaperone","3/18","67/18369",3.63918812873592e-05,0.00251103980882778,0.00137906076457361,"3329/3336/3315",3,"Downres_DEq_MS_CTRL_vs_CTRL.myr"
"GO:0016408","GO:0016408","C-acyltransferase activity","2/18","20/18369",0.000170524837864038,0.0058831069063093,0.00323099692795019,"6342/38",2,"Downres_DEq_MS_CTRL_vs_CTRL.myr"
"GO:0140662","GO:0140662","ATP-dependent protein folding chaperone","2/18","41/18369",0.000727033723898021,0.0167217756496545,0.00918358388081711,"3329/3336",2,"Downres_DEq_MS_CTRL_vs_CTRL.myr"
"GO:0005080","GO:0005080","protein kinase C binding","2/18","49/18369",0.00103784492318508,0.0179028249249426,0.00983221506175339,"4082/3315",2,"Downres_DEq_MS_CTRL_vs_CTRL.myr"
"GO:1901681","GO:1901681","sulfur compound binding","3/18","269/18369",0.00215328844021278,0.0297153804749364,0.0163196597574021,"2799/6288/6342",3,"Downres_DEq_MS_CTRL_vs_CTRL.myr"
