"","category","subcategory","ID","Description","GeneRatio","BgRatio","RichFactor","FoldEnrichment","zScore","pvalue","p.adjust","qvalue","geneID","Count","name"
"hsa04512","Environmental Information Processing","Signaling molecules and interaction","hsa04512","ECM-receptor interaction","4/21","89/9521",0.0449438202247191,20.3766720171215,8.63452824219052,3.78135795295535e-05,0.00242006908989142,0.0018309733245889,"1293/5649/3912/7148",4,"Downres_DEq_MS_CM_vs_BM1"
"hsa04979","Organismal Systems","Digestive system","hsa04979","Cholesterol metabolism","3/21","51/9521",0.0588235294117647,26.6694677871148,8.64158252816686,0.00017992713148533,0.00575766820753055,0.00435613055175009,"1581/344/345",3,"Downres_DEq_MS_CM_vs_BM1"
"hsa04518","Environmental Information Processing","Signaling molecules and interaction","hsa04518","Integrin signaling","4/21","154/9521",0.025974025974026,11.7761286332715,6.33853928118372,0.000317905333838722,0.00678198045522607,0.00513110363388814,"1293/5649/3912/7148",4,"Downres_DEq_MS_CM_vs_BM1"
"hsa03320","Organismal Systems","Endocrine system","hsa03320","PPAR signaling pathway","3/21","76/9521",0.0394736842105263,17.8966165413534,6.95299443934281,0.000586229611230944,0.00937967377969511,0.0070964637149009,"123/1581/345",3,"Downres_DEq_MS_CM_vs_BM1"
"hsa04610","Organismal Systems","Immune system","hsa04610","Complement and coagulation cascades","3/21","88/9521",0.0340909090909091,15.4561688311688,6.4052479981759,0.000899646528129403,0.0096338906869377,0.00728879887498576,"10878/731/1675",3,"Downres_DEq_MS_CM_vs_BM1"
"hsa04510","Cellular Processes","Cellular community - eukaryotes","hsa04510","Focal adhesion","4/21","203/9521",0.0197044334975369,8.93361482524044,5.37185271351503,0.00090317725190041,0.0096338906869377,0.00728879887498576,"1293/5649/3912/7148",4,"Downres_DEq_MS_CM_vs_BM1"
