"","category","subcategory","ID","Description","GeneRatio","BgRatio","RichFactor","FoldEnrichment","zScore","pvalue","p.adjust","qvalue","geneID","Count","name"
"hsa05171","Human Diseases","Infectious disease: viral","hsa05171","Coronavirus disease - COVID-19","8/28","238/9521",0.0336134453781513,11.4297719087635,8.84942114186732,2.73479067669142e-07,1.50413487218028e-05,1.26663989236234e-05,"6124/6137/6143/6194/6132/6141/6129/6155",8,"Downres_DEq_MS_DM_vs_BM1"
"hsa04512","Environmental Information Processing","Signaling molecules and interaction","hsa04512","ECM-receptor interaction","4/28","89/9521",0.0449438202247191,15.2825040128411,7.35179200252582,0.000123056177371856,0.00338404487772603,0.0028497220022956,"3912/7148/1293/1292",4,"Downres_DEq_MS_DM_vs_BM1"
"hsa04518","Environmental Information Processing","Signaling molecules and interaction","hsa04518","Integrin signaling","4/28","154/9521",0.025974025974026,8.83209647495362,5.32149769229612,0.000995954840334453,0.0182591720727983,0.0153761449034091,"3912/7148/1293/1292",4,"Downres_DEq_MS_DM_vs_BM1"
"hsa04510","Cellular Processes","Cellular community - eukaryotes","hsa04510","Focal adhesion","4/28","203/9521",0.0197044334975369,6.70021111893033,4.45834175433669,0.00274992293179903,0.0378114403122366,0.0318412128945151,"3912/7148/1293/1292",4,"Downres_DEq_MS_DM_vs_BM1"
"hsa04151","Environmental Information Processing","Signal transduction","hsa04151","PI3K-Akt signaling pathway","5/28","362/9521",0.0138121546961326,4.69662588792423,3.89431884097828,0.00368851251442023,0.0405736376586226,0.0341672738177874,"3912/7148/6194/1293/1292",5,"Downres_DEq_MS_DM_vs_BM1"
"hsa04820","Cellular Processes","Cell motility","hsa04820","Cytoskeleton in muscle cells","4/28","233/9521",0.0171673819742489,5.83752299202943,4.06008988833401,0.00450960046981539,0.0413380043066411,0.0348109509950662,"2273/1293/1292/22795",4,"Downres_DEq_MS_DM_vs_BM1"
