"","category","subcategory","ID","Description","GeneRatio","BgRatio","RichFactor","FoldEnrichment","zScore","pvalue","p.adjust","qvalue","geneID","Count","name"
"hsa01230","Metabolism","Global and overview maps","hsa01230","Biosynthesis of amino acids","10/76","75/9521",0.133333333333333,16.7035087719298,12.2469417364002,3.12182079527653e-10,4.49542194519821e-08,3.97621385503643e-08,"230/26227/2023/2597/5230/383/65263/162417/2027/5232",10,"Upres_DEq_MS_BT_vs_CM"
"hsa00010","Metabolism","Carbohydrate metabolism","hsa00010","Glycolysis / Gluconeogenesis","8/76","67/9521",0.119402985074627,14.9583660644148,10.2846253383617,5.05594477956869e-08,3.64028024128946e-06,3.2198385175148e-06,"230/2023/2597/5230/2645/2027/5232/5105",8,"Upres_DEq_MS_BT_vs_CM"
"hsa01200","Metabolism","Global and overview maps","hsa01200","Carbon metabolism","8/76","117/9521",0.0683760683760684,8.56590193432299,7.38620943277637,3.84244405056849e-06,0.000184437314427287,0.000163135343901329,"230/26227/2023/2597/5230/2645/2027/5232",8,"Upres_DEq_MS_BT_vs_CM"
"hsa04066","Environmental Information Processing","Signal transduction","hsa04066","HIF-1 signaling pathway","7/76","110/9521",0.0636363636363636,7.97212918660287,6.59732943025533,2.57301383085098e-05,0.000926284979106354,0.000819301772455182,"230/5163/2023/2597/5230/2027/5232",7,"Upres_DEq_MS_BT_vs_CM"
"hsa00590","Metabolism","Lipid metabolism","hsa00590","Arachidonic acid metabolism","5/76","63/9521",0.0793650793650794,9.94256474519632,6.38788372413542,0.000138998037328543,0.00400314347506203,0.00354079210879025,"247/1558/1557/127281/1555",5,"Upres_DEq_MS_BT_vs_CM"
"hsa05230","Human Diseases","Cancer: overview","hsa05230","Central carbon metabolism in cancer","5/76","71/9521",0.0704225352112676,8.82227575982209,5.93431617536087,0.000245015642116563,0.00588037541079752,0.00520120924493055,"5163/2645/9123/51548/2261",5,"Upres_DEq_MS_BT_vs_CM"
