"","category","subcategory","ID","Description","GeneRatio","BgRatio","RichFactor","FoldEnrichment","zScore","pvalue","p.adjust","qvalue","geneID","Count","name"
"hsa03320","Organismal Systems","Endocrine system","hsa03320","PPAR signaling pathway","5/26","76/9521",0.0657894736842105,24.0915991902834,10.5759037409989,1.63707377310764e-06,0.000119506385436858,0.000101670897487738,"6342/123/1581/5105/336",5,"Upres_DEq_MS_B2_vs_C"
"hsa04979","Organismal Systems","Digestive system","hsa04979","Cholesterol metabolism","3/26","51/9521",0.0588235294117647,21.5407239819004,7.69632695213405,0.000345158036424589,0.0125982683294975,0.0107180653416057,"1581/341/336",3,"Upres_DEq_MS_B2_vs_C"
"hsa00120","Metabolism","Lipid metabolism","hsa00120","Primary bile acid biosynthesis","2/26","17/9521",0.117647058823529,43.0814479638009,9.08698027593853,0.000951007512152962,0.0231411827957221,0.0196875239357982,"6342/1581",2,"Upres_DEq_MS_B2_vs_C"
"hsa04964","Organismal Systems","Excretory system","hsa04964","Proximal tubule bicarbonate reclamation","2/26","23/9521",0.0869565217391304,31.8428093645485,7.74924565714698,0.00175142754844509,0.0264915587681787,0.0225378798460352,"10991/5105",2,"Upres_DEq_MS_B2_vs_C"
"hsa04976","Organismal Systems","Digestive system","hsa04976","Bile secretion","3/26","90/9521",0.0333333333333333,12.2064102564103,5.58941766918325,0.00181449032658758,0.0264915587681787,0.0225378798460352,"6580/5244/1581",3,"Upres_DEq_MS_B2_vs_C"
