"","category","subcategory","ID","Description","GeneRatio","BgRatio","RichFactor","FoldEnrichment","zScore","pvalue","p.adjust","qvalue","geneID","Count","name"
"hsa04979","Organismal Systems","Digestive system","hsa04979","Cholesterol metabolism","3/28","51/9521",0.0588235294117647,20.0021008403361,7.38937090831387,0.000431628797337559,0.0310772734083042,0.0245346895328717,"1581/345/344",3,"Downres_DEq_MS_CTRL.myr_vs_HBV"
"hsa03320","Organismal Systems","Endocrine system","hsa03320","PPAR signaling pathway","3/28","76/9521",0.0394736842105263,13.422462406015,5.90485524526656,0.0013871907060452,0.0393193547718629,0.0310415958725233,"123/1581/345",3,"Downres_DEq_MS_CTRL.myr_vs_HBV"
"hsa04610","Organismal Systems","Immune system","hsa04610","Complement and coagulation cascades","3/28","88/9521",0.0340909090909091,11.5921266233766,5.42119878316292,0.00211492480896272,0.0393193547718629,0.0310415958725233,"4153/3080/10878",3,"Downres_DEq_MS_CTRL.myr_vs_HBV"
"hsa04512","Environmental Information Processing","Signaling molecules and interaction","hsa04512","ECM-receptor interaction","3/28","89/9521",0.0337078651685393,11.4618780096308,5.38515872381015,0.00218440859843683,0.0393193547718629,0.0310415958725233,"7059/3912/1293",3,"Downres_DEq_MS_CTRL.myr_vs_HBV"
