"","category","subcategory","ID","Description","GeneRatio","BgRatio","RichFactor","FoldEnrichment","zScore","pvalue","p.adjust","qvalue","geneID","Count","name"
"hsa00010","Metabolism","Carbohydrate metabolism","hsa00010","Glycolysis / Gluconeogenesis","10/71","67/9521",0.149253731343284,20.0147151566113,13.5378959126604,4.88520175449141e-11,6.88813447383289e-09,6.3250506926573e-09,"5214/226/3939/230/2023/2597/5230/5232/2027/2645",10,"Upres_DEq_MS_BT_vs_DM"
"hsa01230","Metabolism","Global and overview maps","hsa01230","Biosynthesis of amino acids","9/71","75/9521",0.12,16.0918309859155,11.3731387699586,3.59259900303752e-09,2.53278229714145e-07,2.32573514407166e-07,"5214/226/230/2023/2597/5230/5232/2027/383",9,"Upres_DEq_MS_BT_vs_DM"
"hsa04066","Environmental Information Processing","Signal transduction","hsa04066","HIF-1 signaling pathway","10/71","110/9521",0.0909090909090909,12.190781049936,10.2322371924769,7.17793927414174e-09,3.37363145884662e-07,3.09784747620854e-07,"5214/226/3939/230/5163/2023/2597/5230/5232/2027",10,"Upres_DEq_MS_BT_vs_DM"
"hsa01200","Metabolism","Global and overview maps","hsa01200","Carbon metabolism","9/71","117/9521",0.0769230769230769,10.3152762730228,8.78747504489713,1.84387616347024e-07,6.49966347623259e-06,5.96833600281157e-06,"5214/226/230/2023/2597/5230/5232/2027/2645",9,"Upres_DEq_MS_BT_vs_DM"
"hsa04978","Organismal Systems","Digestive system","hsa04978","Mineral absorption","4/71","61/9521",0.0655737704918033,8.79335026552759,5.29267576277265,0.00107548593956981,0.0303287034958686,0.0278494253825445,"493/4495/4494/4496",4,"Upres_DEq_MS_BT_vs_DM"
"hsa00030","Metabolism","Carbohydrate metabolism","hsa00030","Pentose phosphate pathway","3/71","31/9521",0.0967741935483871,12.9772830531577,5.78945654004134,0.00153793874009672,0.0361415603922728,0.0331870991284028,"5214/226/230",3,"Upres_DEq_MS_BT_vs_DM"
"hsa05230","Human Diseases","Cancer: overview","hsa05230","Central carbon metabolism in cancer","4/71","71/9521",0.0563380281690141,7.55485022812934,4.80515927150368,0.00189352803280094,0.0381410646607046,0.0350231500803782,"5214/3939/5163/2645",4,"Upres_DEq_MS_BT_vs_DM"
"hsa00051","Metabolism","Carbohydrate metabolism","hsa00051","Fructose and mannose metabolism","3/71","35/9521",0.0857142857142857,11.4941649899396,5.39103429052722,0.00219211796763751,0.0386360791796111,0.035477698686765,"5214/226/230",3,"Upres_DEq_MS_BT_vs_DM"
