"","category","subcategory","ID","Description","GeneRatio","BgRatio","RichFactor","FoldEnrichment","zScore","pvalue","p.adjust","qvalue","geneID","Count","name"
"hsa05171","Human Diseases","Infectious disease: viral","hsa05171","Coronavirus disease - COVID-19","12/58","238/9521",0.0504201680672269,8.27673138220806,8.90017810620813,1.45496954999093e-08,1.8769107194883e-06,1.71533252209457e-06,"6143/6137/6132/6141/6130/6124/6128/6129/6194/6155/6187/11224",12,"Downres_DEq_MS_BT_vs_BM1"
"hsa00190","Metabolism","Energy metabolism","hsa00190","Oxidative phosphorylation","6/58","138/9521",0.0434782608695652,7.13718140929535,5.68533024580549,0.000181234732561795,0.0116896402502358,0.0106833105510111,"4706/1337/9377/4509/9296/1350",6,"Downres_DEq_MS_BT_vs_BM1"
"hsa04714","Organismal Systems","Environmental adaptation","hsa04714","Thermogenesis","7/58","235/9521",0.0297872340425532,4.88972853998533,4.72668799526844,0.000525300585653607,0.0225879251831051,0.0206433914362119,"6194/4706/1337/9377/4509/1350/84699",7,"Downres_DEq_MS_BT_vs_BM1"
