"","category","subcategory","ID","Description","GeneRatio","BgRatio","RichFactor","FoldEnrichment","zScore","pvalue","p.adjust","qvalue","geneID","Count","name"
"hsa00010","Metabolism","Carbohydrate metabolism","hsa00010","Glycolysis / Gluconeogenesis","3/18","67/9521",0.0447761194029851,23.68407960199,8.10914613852187,0.000252019883315229,0.0153503743887918,0.0130692042009838,"230/5214/3939",3,"Upres_DEq_MS_B1_vs_DM"
"hsa00430","Metabolism","Metabolism of other amino acids","hsa00430","Taurine and hypotaurine metabolism","2/18","17/9521",0.117647058823529,62.2287581699346,10.996413446862,0.000451481599670348,0.0153503743887918,0.0130692042009838,"2326/1036",2,"Upres_DEq_MS_B1_vs_DM"
"hsa04066","Environmental Information Processing","Signal transduction","hsa04066","HIF-1 signaling pathway","3/18","110/9521",0.0272727272727273,14.4257575757576,6.16370179456347,0.00107907903745499,0.0244591248489798,0.020824332301763,"230/5214/3939",3,"Upres_DEq_MS_B1_vs_DM"
"hsa00030","Metabolism","Carbohydrate metabolism","hsa00030","Pentose phosphate pathway","2/18","31/9521",0.0645161290322581,34.1254480286738,8.03958930392311,0.00151965928405082,0.025834207828864,0.0219950685849461,"230/5214",2,"Upres_DEq_MS_B1_vs_DM"
"hsa00051","Metabolism","Carbohydrate metabolism","hsa00051","Fructose and mannose metabolism","2/18","35/9521",0.0571428571428571,30.2253968253968,7.53836637430467,0.00193582566473209,0.0263272290403564,0.0224148234863716,"230/5214",2,"Upres_DEq_MS_B1_vs_DM"
"hsa00270","Metabolism","Amino acid metabolism","hsa00270","Cysteine and methionine metabolism","2/18","52/9521",0.0384615384615385,20.3440170940171,6.0872430562066,0.00423288418612477,0.0479726874427474,0.0408436193398004,"1036/3939",2,"Upres_DEq_MS_B1_vs_DM"
