"","category","subcategory","ID","Description","GeneRatio","BgRatio","RichFactor","FoldEnrichment","zScore","pvalue","p.adjust","qvalue","geneID","Count","name"
"hsa04976","Organismal Systems","Digestive system","hsa04976","Bile secretion","3/13","90/9521",0.0333333333333333,24.4128205128205,8.25166677908732,0.000218145460989945,0.0128534383205036,0.0105984491414678,"8647/5244/28234",3,"Upres_DEq_MS_DM_vs_C"
"hsa04964","Organismal Systems","Excretory system","hsa04964","Proximal tubule bicarbonate reclamation","2/13","23/9521",0.0869565217391304,63.685618729097,11.1291325780124,0.000428447944016785,0.0128534383205036,0.0105984491414678,"27165/10991",2,"Upres_DEq_MS_DM_vs_C"
"hsa02010","Environmental Information Processing","Membrane transport","hsa02010","ABC transporters","2/13","45/9521",0.0444444444444444,32.5504273504273,7.84412563341699,0.00164836528724713,0.0329673057449426,0.0271835678949527,"8647/5244",2,"Upres_DEq_MS_DM_vs_C"
"hsa05417","Human Diseases","Cardiovascular disease","hsa05417","Lipid and atherosclerosis","3/13","216/9521",0.0138888888888889,10.1720085470085,5.0417197521293,0.00278359843385894,0.0417539765078841,0.0344287174714132,"3310/1536/1549",3,"Upres_DEq_MS_DM_vs_C"
"hsa05230","Human Diseases","Cancer: overview","hsa05230","Central carbon metabolism in cancer","2/13","71/9521",0.028169014084507,20.6305525460455,6.13891129300004,0.00405556492154247,0.0486667790585096,0.040128747644736,"2645/27165",2,"Upres_DEq_MS_DM_vs_C"
