"","ID","Description","GeneRatio","BgRatio","pvalue","p.adjust","qvalue","geneID","Count","name"
"GO:0030280","GO:0030280","structural constituent of skin epidermis","4/11","36/18369",4.05916445390606e-09,5.68283023546849e-08,2.13640234416109e-08,"196374/3852/3851/374454",4,"Downres_DEq_MS_C_vs_CM"
"GO:0031492","GO:0031492","nucleosomal DNA binding","2/11","41/18369",0.000263952174177344,0.00184766521924141,0.000694610984677222,"3008/3009",2,"Downres_DEq_MS_C_vs_CM"
"GO:0031491","GO:0031491","nucleosome binding","2/11","71/18369",0.000792101746026499,0.00369647481479033,0.0013896521860114,"3008/3009",2,"Downres_DEq_MS_C_vs_CM"
"GO:0030527","GO:0030527","structural constituent of chromatin","2/11","97/18369",0.00147156131316739,0.00515046459608586,0.00193626488574656,"3008/3009",2,"Downres_DEq_MS_C_vs_CM"
"GO:0031490","GO:0031490","chromatin DNA binding","2/11","118/18369",0.00216682373008469,0.00606710644423714,0.00228086708429968,"3008/3009",2,"Downres_DEq_MS_C_vs_CM"
"GO:0015643","GO:0015643","toxic substance binding","1/11","10/18369",0.00597369815745896,0.0119473963149179,0.0044915023740293,"1828",1,"Downres_DEq_MS_C_vs_CM"
"GO:0051880","GO:0051880","G-quadruplex DNA binding","1/11","10/18369",0.00597369815745896,0.0119473963149179,0.0044915023740293,"7555",1,"Downres_DEq_MS_C_vs_CM"
"GO:0045295","GO:0045295","gamma-catenin binding","1/11","13/18369",0.00775947093640639,0.0135790741387112,0.00510491508974105,"1828",1,"Downres_DEq_MS_C_vs_CM"
