"ID","Description","GeneRatio","BgRatio","RichFactor","FoldEnrichment","zScore","pvalue","p.adjust","qvalue","geneID","Count","name"
"GO:0045296","cadherin binding","14/219","334/18662",0.0419161676646707,3.57186995871271,5.16818952693471,4.26820628394327e-05,0.0192496103405842,0.0179264663925617,"831/57698/421/3898/10528/56061/10755/11313/2023/3326/5315/4690/822/5861",14,"Down_res_limma_deqMS_MS_D8C_vs_D8B"
