"","ID","Description","GeneRatio","BgRatio","pvalue","p.adjust","qvalue","geneID","Count","name"
"GO:0004869","GO:0004869","cysteine-type endopeptidase inhibitor activity","1/3","54/18369",0.00879378288184396,0.0403098129312873,0.00530392275411675,"1475",1,"Upres_DEq_MS_HBV_vs_Null"
"GO:0002020","GO:0002020","protease binding","1/3","138/18369",0.0223702842428026,0.0403098129312873,0.00530392275411675,"1475",1,"Upres_DEq_MS_HBV_vs_Null"
"GO:0004866","GO:0004866","endopeptidase inhibitor activity","1/3","173/18369",0.0279903701092165,0.0403098129312873,0.00530392275411675,"1475",1,"Upres_DEq_MS_HBV_vs_Null"
"GO:0003735","GO:0003735","structural constituent of ribosome","1/3","177/18369",0.0286312907755386,0.0403098129312873,0.00530392275411675,"6235",1,"Upres_DEq_MS_HBV_vs_Null"
"GO:0030414","GO:0030414","peptidase inhibitor activity","1/3","180/18369",0.0291117963401277,0.0403098129312873,0.00530392275411675,"1475",1,"Upres_DEq_MS_HBV_vs_Null"
"GO:0061135","GO:0061135","endopeptidase regulator activity","1/3","187/18369",0.0302323596984655,0.0403098129312873,0.00530392275411675,"1475",1,"Upres_DEq_MS_HBV_vs_Null"
"GO:0061134","GO:0061134","peptidase regulator activity","1/3","230/18369",0.0370969097360832,0.0423964682698093,0.00557848266708017,"1475",1,"Upres_DEq_MS_HBV_vs_Null"
