"","ID","Description","GeneRatio","BgRatio","pvalue","p.adjust","qvalue","geneID","Count","name"
"GO:0005795","GO:0005795","Golgi stack","2/5","151/19518",0.000585565438618932,0.0181525285971869,0.00862938541122636,"2683/11313",2,"Downres_DEq_MS_OF_vs_HF"
"GO:0005788","GO:0005788","endoplasmic reticulum lumen","2/5","312/19518",0.00246725566799085,0.0264468877088679,0.0125723744626197,"147111/710",2,"Downres_DEq_MS_OF_vs_HF"
"GO:0000138","GO:0000138","Golgi trans cisterna","1/5","10/19518",0.00255937622989044,0.0264468877088679,0.0125723744626197,"2683",1,"Downres_DEq_MS_OF_vs_HF"
"GO:0098791","GO:0098791","Golgi apparatus subcompartment","2/5","378/19518",0.00359889252745546,0.0278914170877798,0.0132590777327306,"2683/11313",2,"Downres_DEq_MS_OF_vs_HF"
"GO:0030057","GO:0030057","desmosome","1/5","27/19518",0.00689828742944498,0.0427693820625589,0.0203317945288905,"2683",1,"Downres_DEq_MS_OF_vs_HF"
