"","ID","Description","GeneRatio","BgRatio","pvalue","p.adjust","qvalue","geneID","Count","name"
"GO:0034362","GO:0034362","low-density lipoprotein particle","1/5","12/19518",0.00307062205666819,0.0447837612066367,0.0261893340389689,"3949",1,"Upres_DEq_MS_HMF_vs_HF"
"GO:0005769","GO:0005769","early endosome","2/5","423/19518",0.00448709378692243,0.0447837612066367,0.0261893340389689,"10935/3949",2,"Upres_DEq_MS_HMF_vs_HF"
"GO:0043034","GO:0043034","costamere","1/5","18/19518",0.00460310185977175,0.0447837612066367,0.0261893340389689,"6385",1,"Upres_DEq_MS_HMF_vs_HF"
"GO:0036020","GO:0036020","endolysosome membrane","1/5","20/19518",0.00511350944998479,0.0447837612066367,0.0261893340389689,"3949",1,"Upres_DEq_MS_HMF_vs_HF"
"GO:0036019","GO:0036019","endolysosome","1/5","29/19518",0.007407753236086,0.0447837612066367,0.0261893340389689,"3949",1,"Upres_DEq_MS_HMF_vs_HF"
"GO:0034358","GO:0034358","plasma lipoprotein particle","1/5","36/19518",0.00918923725531218,0.0447837612066367,0.0261893340389689,"3949",1,"Upres_DEq_MS_HMF_vs_HF"
"GO:1990777","GO:1990777","lipoprotein particle","1/5","36/19518",0.00918923725531218,0.0447837612066367,0.0261893340389689,"3949",1,"Upres_DEq_MS_HMF_vs_HF"
"GO:0032994","GO:0032994","protein-lipid complex","1/5","39/19518",0.00995194693480816,0.0447837612066367,0.0261893340389689,"3949",1,"Upres_DEq_MS_HMF_vs_HF"
