"","ID","Description","GeneRatio","BgRatio","pvalue","p.adjust","qvalue","geneID","Count","name"
"GO:0035578","GO:0035578","azurophil granule lumen","1/1","91/19518",0.00466236294702316,0.0157803053591555,NA,"7276",1,"Upres_DEq_MS_OF_vs_MF"
"GO:0005766","GO:0005766","primary lysosome","1/1","155/19518",0.00794138743723727,0.0157803053591555,NA,"7276",1,"Upres_DEq_MS_OF_vs_MF"
"GO:0042582","GO:0042582","azurophil granule","1/1","155/19518",0.00794138743723727,0.0157803053591555,NA,"7276",1,"Upres_DEq_MS_OF_vs_MF"
"GO:0005775","GO:0005775","vacuolar lumen","1/1","176/19518",0.00901731734808886,0.0157803053591555,NA,"7276",1,"Upres_DEq_MS_OF_vs_MF"
"GO:0034774","GO:0034774","secretory granule lumen","1/1","322/19518",0.01649759196639,0.0167537657546879,NA,"7276",1,"Upres_DEq_MS_OF_vs_MF"
"GO:0060205","GO:0060205","cytoplasmic vesicle lumen","1/1","325/19518",0.0166512962393686,0.0167537657546879,NA,"7276",1,"Upres_DEq_MS_OF_vs_MF"
"GO:0031983","GO:0031983","vesicle lumen","1/1","327/19518",0.0167537657546879,0.0167537657546879,NA,"7276",1,"Upres_DEq_MS_OF_vs_MF"
