"","ID","Description","GeneRatio","BgRatio","pvalue","p.adjust","qvalue","geneID","Count","name"
"GO:0101002","GO:0101002","ficolin-1-rich granule","3/17","185/19518",0.000516598391620335,0.0381807051540645,0.0266567758862964,"2548/7415/4282",3,"Downres_DEq_MS_HMF_vs_MF"
"GO:0000502","GO:0000502","proteasome complex","2/17","60/19518",0.00122685475099362,0.0381807051540645,0.0266567758862964,"7415/5694",2,"Downres_DEq_MS_HMF_vs_MF"
"GO:0036464","GO:0036464","cytoplasmic ribonucleoprotein granule","3/17","253/19518",0.00127937805225859,0.0381807051540645,0.0266567758862964,"3192/7415/27258",3,"Downres_DEq_MS_HMF_vs_MF"
"GO:0035770","GO:0035770","ribonucleoprotein granule","3/17","271/19518",0.00155839612873733,0.0381807051540645,0.0266567758862964,"3192/7415/27258",3,"Downres_DEq_MS_HMF_vs_MF"
"GO:0071013","GO:0071013","catalytic step 2 spliceosome","2/17","88/19518",0.00261559793295464,0.044651107626637,0.0311742427038819,"3192/27258",2,"Downres_DEq_MS_HMF_vs_MF"
"GO:1905369","GO:1905369","endopeptidase complex","2/17","90/19518",0.00273374128326349,0.044651107626637,0.0311742427038819,"7415/5694",2,"Downres_DEq_MS_HMF_vs_MF"
"GO:0005811","GO:0005811","lipid droplet","2/17","103/19518",0.00356185145063146,0.0498659203088404,0.0348150893670744,"2597/7415",2,"Downres_DEq_MS_HMF_vs_MF"
