"","ID","Description","GeneRatio","BgRatio","pvalue","p.adjust","qvalue","geneID","Count","name"
"GO:0140534","GO:0140534","endoplasmic reticulum protein-containing complex","4/22","126/19518",1.1068111031653e-05,0.00144772874870623,0.00093004246240416,"811/10130/5589/567",4,"Downres_DEq_MS_HF_vs_OF"
"GO:0005788","GO:0005788","endoplasmic reticulum lumen","5/22","312/19518",2.12901286574446e-05,0.00144772874870623,0.00093004246240416,"811/1066/10130/5589/567",5,"Downres_DEq_MS_HF_vs_OF"
"GO:0005925","GO:0005925","focal adhesion","5/22","422/19518",8.96704662883318e-05,0.00340440268453,0.00218703887628475,"811/6181/6385/4869/567",5,"Downres_DEq_MS_HF_vs_OF"
"GO:0030055","GO:0030055","cell-substrate junction","5/22","432/19518",0.000100129490721471,0.00340440268453,0.00218703887628475,"811/6181/6385/4869/567",5,"Downres_DEq_MS_HF_vs_OF"
"GO:0009897","GO:0009897","external side of plasma membrane","4/22","426/19518",0.00119815215447042,0.030240225362951,0.0194267701635057,"811/7037/432/567",4,"Downres_DEq_MS_HF_vs_OF"
"GO:0030666","GO:0030666","endocytic vesicle membrane","3/22","196/19518",0.00133412758954196,0.030240225362951,0.0194267701635057,"811/7037/567",3,"Downres_DEq_MS_HF_vs_OF"
