"","ID","Description","GeneRatio","BgRatio","pvalue","p.adjust","qvalue","geneID","Count","name"
"GO:0005905","GO:0005905","clathrin-coated pit","2/6","73/19518",0.000204965856949077,0.0102482928474538,0.00474657773987336,"7037/3329",2,"Downres_DEq_MS_HMF_vs_OF"
"GO:0005766","GO:0005766","primary lysosome","2/6","155/19518",0.000920450926816801,0.014803293634351,0.0068562623148573,"2548/7276",2,"Downres_DEq_MS_HMF_vs_OF"
"GO:0042582","GO:0042582","azurophil granule","2/6","155/19518",0.000920450926816801,0.014803293634351,0.0068562623148573,"2548/7276",2,"Downres_DEq_MS_HMF_vs_OF"
"GO:0005775","GO:0005775","vacuolar lumen","2/6","176/19518",0.00118426349074808,0.014803293634351,0.0068562623148573,"2548/7276",2,"Downres_DEq_MS_HMF_vs_OF"
"GO:0030135","GO:0030135","coated vesicle","2/6","312/19518",0.00366184578257556,0.0306897064153782,0.0142141798134383,"7037/3329",2,"Downres_DEq_MS_HMF_vs_OF"
"GO:0044754","GO:0044754","autolysosome","1/6","12/19518",0.00368370833429488,0.0306897064153782,0.0142141798134383,"2548",1,"Downres_DEq_MS_HMF_vs_OF"
"GO:0097524","GO:0097524","sperm plasma membrane","1/6","14/19518",0.00429655889815295,0.0306897064153782,0.0142141798134383,"3329",1,"Downres_DEq_MS_HMF_vs_OF"
"GO:0005767","GO:0005767","secondary lysosome","1/6","18/19518",0.00552131762190655,0.0345082351369159,0.0159827615370979,"2548",1,"Downres_DEq_MS_HMF_vs_OF"
"GO:0005769","GO:0005769","early endosome","2/6","423/19518",0.00663436506894922,0.0368575837163846,0.0170708808791676,"7037/3329",2,"Downres_DEq_MS_HMF_vs_OF"
