"","ID","Description","GeneRatio","BgRatio","pvalue","p.adjust","qvalue","geneID","Count","name"
"hsa04110","hsa04110","Cell cycle","3/5","158/8846",5.44625870968932e-05,0.000762476219356505,0.00045863231239489,"4175/4176/983",3,"Upres_DEq_MS_Null_vs_HBVM"
"hsa03030","hsa03030","DNA replication","2/5","36/8846",0.000159802313566595,0.00111861619496616,0.000672851846596189,"4175/4176",2,"Upres_DEq_MS_Null_vs_HBVM"
