"ID","Description","GeneRatio","BgRatio","RichFactor","FoldEnrichment","zScore","pvalue","p.adjust","qvalue","geneID","Count","name"
"GO:0022406","membrane docking","9/175","92/18860",0.0978260869565217,10.5428571428571,8.87963557067309,1.86197591018964e-07,0.000408889909877644,0.000399246834637504,"57488/10640/8675/10497/10652/10768/8724/8677/9727",9,"Down_D1C_vs_res_limma_deqMS_MS_D1B"
"GO:0140056","organelle localization by membrane tethering","8/175","82/18860",0.0975609756097561,10.5142857142857,8.3558426185429,9.30083810288413e-07,0.00102123202369668,0.000997147748188157,"57488/10640/8675/10497/10652/10768/8677/9727",8,"Down_D1C_vs_res_limma_deqMS_MS_D1B"
"GO:0048193","Golgi vesicle transport","13/175","319/18860",0.0407523510971787,4.39193909538737,5.91301000280657,9.17960869933351e-06,0.00671947356791213,0.00656100453352364,"23074/51594/80006/8773/9179/10640/11316/8943/9570/10652/8724/8677/9727",13,"Down_D1C_vs_res_limma_deqMS_MS_D1B"
"GO:0048278","vesicle docking","6/175","63/18860",0.0952380952380952,10.2639455782313,7.12777205553108,2.56790452785688e-05,0.0140977958579343,0.0137653197980117,"10640/8675/10497/10652/8677/9727",6,"Down_D1C_vs_res_limma_deqMS_MS_D1B"
"GO:0042147","retrograde transport, endosome to Golgi","7/175","104/18860",0.0673076923076923,7.25384615384615,6.18907227592978,5.23587102089815e-05,0.0199954985354285,0.0195239337152084,"23074/644150/374666/8675/10652/8724/8677",7,"Down_D1C_vs_res_limma_deqMS_MS_D1B"
"GO:0016482","cytosolic transport","8/175","142/18860",0.0563380281690141,6.07162977867203,5.87075284740339,5.46325096596406e-05,0.0199954985354285,0.0195239337152084,"23074/644150/374666/9179/8675/10652/8724/8677",8,"Down_D1C_vs_res_limma_deqMS_MS_D1B"
"GO:0016197","endosomal transport","11/175","300/18860",0.0366666666666667,3.95161904761905,4.98727997481378,0.000116983001526965,0.0366992387647451,0.0358337404677335,"23074/29062/55048/644150/374666/8943/8675/10652/8724/8677/9727",11,"Down_D1C_vs_res_limma_deqMS_MS_D1B"
