"","ID","Description","GeneRatio","BgRatio","pvalue","p.adjust","qvalue","geneID","Count"
"GO:0019905","GO:0019905","syntaxin binding","1/1","68/18369",0.00370188905220759,0.00582503130273837,NA,"54732",1
"GO:0000149","GO:0000149","SNARE binding","1/1","107/18369",0.00582503130273837,0.00582503130273837,NA,"54732",1
