"","ID","Description","GeneRatio","BgRatio","pvalue","p.adjust","qvalue","geneID","Count"
"GO:0016755","GO:0016755","aminoacyltransferase activity","3/28","17/18369",2.12622404230348e-06,0.000208369956145741,0.000138764095392437,"7052/2687/2162",3
"GO:0005201","GO:0005201","extracellular matrix structural constituent","4/28","167/18369",0.00011379504361591,0.00557595713717958,0.00371331194957179,"255743/64129/11117/3339",4
"GO:0070003","GO:0070003","threonine-type peptidase activity","2/28","19/18369",0.000377054433384786,0.00980102016587288,0.0065269951695394,"2687/5699",2
"GO:0005539","GO:0005539","glycosaminoglycan binding","4/28","232/18369",0.000400041639423383,0.00980102016587288,0.0065269951695394,"116519/57214/5792/5270",4
"GO:0050750","GO:0050750","low-density lipoprotein particle receptor binding","2/28","24/18369",0.000605717074607725,0.0118720546623114,0.00790620181593241,"3339/116519",2
"GO:0070325","GO:0070325","lipoprotein particle receptor binding","2/28","29/18369",0.000886829971227679,0.0144848895300521,0.00964622073966949,"3339/116519",2
"GO:0008201","GO:0008201","heparin binding","3/28","168/18369",0.00208091456622534,0.0291328039271548,0.0194010079858604,"116519/5792/5270",3
