"","ID","Description","GeneRatio","BgRatio","pvalue","p.adjust","qvalue","geneID","Count"
"GO:0004364","GO:0004364","glutathione transferase activity","3/15","26/18369",1.13254050580097e-06,0.000121181834120704,5.60309513396269e-05,"2939/2938/2948",3
"GO:0016765","GO:0016765","transferase activity, transferring alkyl or aryl (other than methyl) groups","3/15","61/18369",1.54102087580106e-05,0.000824446168553565,0.000381199900856051,"2939/2938/2948",3
"GO:0033293","GO:0033293","monocarboxylic acid binding","3/15","80/18369",3.48529587071413e-05,0.00124308886055471,0.000574768090959874,"213/54600/2938",3
"GO:0031406","GO:0031406","carboxylic acid binding","3/15","200/18369",0.000525285485561697,0.0127667988076969,0.00590299600552637,"213/54600/2938",3
"GO:0043177","GO:0043177","organic acid binding","3/15","212/18369",0.000622479452088543,0.0127667988076969,0.00590299600552637,"213/54600/2938",3
"GO:0005504","GO:0005504","fatty acid binding","2/15","49/18369",0.000715895260244688,0.0127667988076969,0.00590299600552637,"213/2938",2
"GO:0016209","GO:0016209","antioxidant activity","2/15","82/18369",0.00199046618772311,0.0304256974409104,0.0140679565147348,"213/2938",2
