"","ID","Description","GeneRatio","BgRatio","RichFactor","FoldEnrichment","zScore","pvalue","p.adjust","qvalue","geneID","Count","name"
"GO:0050786","GO:0050786","RAGE receptor binding","3/35","12/18662",0.25,133.3,19.8719767542011,1.31416229914979e-06,0.000152442826701376,0.000118966271291455,"6278/6280/6279",3,"Upres_DEq_MS_BM2_vs_BT"
"GO:0030280","GO:0030280","structural constituent of skin epidermis","4/35","62/18662",0.0645161290322581,34.4,11.4186789071445,5.35227941876771e-06,0.000310432206288527,0.000242261068428433,"3858/3849/3848/3852",4,"Upres_DEq_MS_BM2_vs_BT"
"GO:0035325","GO:0035325","Toll-like receptor binding","2/35","13/18662",0.153846153846154,82.0307692307692,12.6684617566525,0.000263096970008858,0.0101730828403425,0.00793906646342518,"6280/6279",2,"Upres_DEq_MS_BM2_vs_BT"
"GO:0036041","GO:0036041","long-chain fatty acid binding","2/35","16/18662",0.125,66.65,11.3875921178371,0.000403336459329902,0.0112175796295271,0.00875419099944945,"6280/6279",2,"Upres_DEq_MS_BM2_vs_BT"
"GO:0048306","GO:0048306","calcium-dependent protein binding","3/35","82/18662",0.0365853658536585,19.5073170731707,7.28043884500974,0.000483516363341685,0.0112175796295271,0.00875419099944945,"6278/6280/6279",3,"Upres_DEq_MS_BM2_vs_BT"
"GO:0004693","GO:0004693","cyclin-dependent protein serine/threonine kinase activity","2/35","29/18662",0.0689655172413793,36.7724137931034,8.35672044452349,0.0013438981097764,0.0222703115334375,0.0173797349534993,"8621/8558",2,"Upres_DEq_MS_BM2_vs_BT"
"GO:0097472","GO:0097472","cyclin-dependent protein kinase activity","2/35","29/18662",0.0689655172413793,36.7724137931034,8.35672044452349,0.0013438981097764,0.0222703115334375,0.0173797349534993,"8621/8558",2,"Upres_DEq_MS_BM2_vs_BT"
"GO:0030332","GO:0030332","cyclin binding","2/35","34/18662",0.0588235294117647,31.3647058823529,7.68166642450846,0.00184607590789065,0.0267681006644144,0.020889806326131,"8621/1026",2,"Upres_DEq_MS_BM2_vs_BT"
"GO:0005504","GO:0005504","fatty acid binding","2/35","47/18662",0.0425531914893617,22.6893617021277,6.45348346034178,0.0035033178847341,0.045153874958795,0.0352380512382611,"6280/6279",2,"Upres_DEq_MS_BM2_vs_BT"
