"","ID","Description","GeneRatio","BgRatio","RichFactor","FoldEnrichment","zScore","pvalue","p.adjust","qvalue","geneID","Count","name"
"GO:0005178","GO:0005178","integrin binding","7/87","152/18662",0.0460526315789474,9.87855414398064,7.52182982431488,7.01428326129208e-06,0.00172305739577444,0.00151882680158124,"7057/3491/3673/3675/3371/977/3911",7,"Upres_DEq_MS_CTRL.myr_vs_HDV.myr"
"GO:0050840","GO:0050840","extracellular matrix binding","5/87","66/18662",0.0757575757575758,16.2504353883664,8.49389940378076,1.40085967136133e-05,0.00172305739577444,0.00151882680158124,"7057/3491/3673/3675/633",5,"Upres_DEq_MS_CTRL.myr_vs_HDV.myr"
"GO:0043236","GO:0043236","laminin binding","3/87","28/18662",0.107142857142857,22.9827586206897,7.96656002685679,0.000294670472087044,0.0218936526571551,0.0192986411954384,"7057/3673/3675",3,"Upres_DEq_MS_CTRL.myr_vs_HDV.myr"
"GO:0005518","GO:0005518","collagen binding","4/87","72/18662",0.0555555555555556,11.9169859514687,6.35172923242764,0.000355994352148864,0.0218936526571551,0.0192986411954384,"7057/3673/3675/960",4,"Upres_DEq_MS_CTRL.myr_vs_HDV.myr"
"GO:0043394","GO:0043394","proteoglycan binding","3/87","37/18662",0.0810810810810811,17.3923578751165,6.83056800927397,0.000678056290865321,0.0333603695105738,0.0294062307196329,"7057/3673/3371",3,"Upres_DEq_MS_CTRL.myr_vs_HDV.myr"
"GO:0008307","GO:0008307","structural constituent of muscle","3/87","43/18662",0.0697674418604651,14.9655172413793,6.27445124011909,0.00105546133343335,0.0388910406417512,0.0342813623115137,"3880/10398/6525",3,"Upres_DEq_MS_CTRL.myr_vs_HDV.myr"
"GO:0003779","GO:0003779","actin binding","8/87","445/18662",0.0179775280898876,3.85628309440785,4.17354881277742,0.00110665562801731,0.0388910406417512,0.0342813623115137,"2318/22998/1627/6876/4131/1264/6525/57591",8,"Upres_DEq_MS_CTRL.myr_vs_HDV.myr"
"GO:0005201","GO:0005201","extracellular matrix structural constituent","5/87","175/18662",0.0285714285714286,6.12873563218391,4.66507670083973,0.00136079255215275,0.0418443709786972,0.0368846402294036,"7057/3491/3371/3911/633",5,"Upres_DEq_MS_CTRL.myr_vs_HDV.myr"
"GO:0032036","GO:0032036","myosin heavy chain binding","2/87","13/18662",0.153846153846154,33.000884173298,7.89893520095662,0.00162074417561432,0.0443003408001246,0.0390495087925788,"22998/10398",2,"Upres_DEq_MS_CTRL.myr_vs_HDV.myr"
