"","ID","Description","GeneRatio","BgRatio","RichFactor","FoldEnrichment","zScore","pvalue","p.adjust","qvalue","geneID","Count","name"
"GO:0016702","GO:0016702","oxidoreductase activity, acting on single donors with incorporation of molecular oxygen, incorporation of two atoms of oxygen","3/119","23/18662",0.130434782608696,20.4552429667519,7.47894278257726,0.000407887060531593,0.0417932690360156,0.037453427443371,"6999/247/1036",3,"Upres_DEq_MS_BT_vs_DM"
"GO:0050661","GO:0050661","NADP binding","4/119","56/18662",0.0714285714285714,11.2016806722689,6.12477541530795,0.000446922992971777,0.0417932690360156,0.037453427443371,"1806/2326/2597/200895",4,"Upres_DEq_MS_BT_vs_DM"
"GO:0016701","GO:0016701","oxidoreductase activity, acting on single donors with incorporation of molecular oxygen","3/119","24/18662",0.125,19.6029411764706,7.30530778032604,0.000463995000123654,0.0417932690360156,0.037453427443371,"6999/247/1036",3,"Upres_DEq_MS_BT_vs_DM"
"GO:0003779","GO:0003779","actin binding","10/119","445/18662",0.0224719101123595,3.52412425644415,4.31721069887507,0.000564773905892103,0.0417932690360156,0.037453427443371,"7145/22998/226/122622/6876/2633/1264/57591/27295/2036",10,"Upres_DEq_MS_BT_vs_DM"
