"","ID","Description","GeneRatio","BgRatio","RichFactor","FoldEnrichment","zScore","pvalue","p.adjust","qvalue","geneID","Count","name"
"GO:0001846","GO:0001846","opsonin binding","3/48","21/18662",0.142857142857143,55.5416666666667,12.6990627539144,2.05589387401693e-05,0.00312377660571273,0.00243362911298464,"1401/3080/10878",3,"Downres_DEq_MS_CTRL.myr_vs_HBV"
"GO:0001848","GO:0001848","complement binding","3/48","25/18662",0.12,46.655,11.5994813024894,3.52969107990139e-05,0.00312377660571273,0.00243362911298464,"1401/3080/10878",3,"Downres_DEq_MS_CTRL.myr_vs_HBV"
"GO:0001851","GO:0001851","complement component C3b binding","2/48","11/18662",0.181818181818182,70.6893939393939,11.7403268962709,0.000351062161724724,0.0207126675417587,0.0161365414687505,"3080/10878",2,"Downres_DEq_MS_CTRL.myr_vs_HBV"
"GO:0048029","GO:0048029","monosaccharide binding","3/48","73/18662",0.0410958904109589,15.9777397260274,6.51100330957717,0.00087532248877071,0.0302158721674007,0.0235401680281267,"4153/10584/2645",3,"Downres_DEq_MS_CTRL.myr_vs_HBV"
"GO:0004857","GO:0004857","enzyme inhibitor activity","6/48","451/18662",0.0133037694013304,5.17239467849224,4.55485941323938,0.00100110291450145,0.0302158721674007,0.0235401680281267,"197/5502/6694/1293/345/344",6,"Downres_DEq_MS_CTRL.myr_vs_HBV"
"GO:0005201","GO:0005201","extracellular matrix structural constituent","4/48","175/18662",0.0228571428571429,8.88666666666667,5.3228902239709,0.00105382071185169,0.0302158721674007,0.0235401680281267,"7059/3912/5118/1293",4,"Downres_DEq_MS_CTRL.myr_vs_HBV"
"GO:0055102","GO:0055102","lipase inhibitor activity","2/48","20/18662",0.1,38.8791666666667,8.60671421298344,0.00119497799532093,0.0302158721674007,0.0235401680281267,"345/344",2,"Downres_DEq_MS_CTRL.myr_vs_HBV"
"GO:0005537","GO:0005537","D-mannose binding","2/48","24/18662",0.0833333333333333,32.3993055555556,7.81617421052288,0.00172451658080036,0.0381549293502081,0.0297252200111642,"4153/10584",2,"Downres_DEq_MS_CTRL.myr_vs_HBV"
