"","ID","Description","GeneRatio","BgRatio","RichFactor","FoldEnrichment","zScore","pvalue","p.adjust","qvalue","geneID","Count","name"
"GO:0050840","GO:0050840","extracellular matrix binding","5/79","66/18662",0.0757575757575758,17.8960490985807,8.96541609649191,8.73256553835399e-06,0.00192116441843788,0.00162701484240911,"7057/3491/3673/633/3675",5,"Upres_DEq_MS_CM_vs_DM"
"GO:0005178","GO:0005178","integrin binding","6/79","152/18662",0.0394736842105263,9.32478347768155,6.71915438360604,4.50448042750458e-05,0.00495492847025504,0.00419627913509637,"7057/3491/3673/3675/3371/977",6,"Upres_DEq_MS_CM_vs_DM"
"GO:0043236","GO:0043236","laminin binding","3/79","28/18662",0.107142857142857,25.3101265822785,8.3933682733141,0.000221614646953306,0.0135268269573971,0.0114557338347334,"7057/3673/3675",3,"Upres_DEq_MS_CM_vs_DM"
"GO:0005518","GO:0005518","collagen binding","4/79","72/18662",0.0555555555555556,13.1237693389592,6.72027905267249,0.000245942308316311,0.0135268269573971,0.0114557338347334,"7057/3673/3675/960",4,"Upres_DEq_MS_CM_vs_DM"
"GO:0043394","GO:0043394","proteoglycan binding","3/79","37/18662",0.0810810810810811,19.153609305508,7.20673900947521,0.000511415655240211,0.0213685585419583,0.01809681752118,"7057/3673/3371",3,"Upres_DEq_MS_CM_vs_DM"
"GO:0003779","GO:0003779","actin binding","8/79","445/18662",0.0179775280898876,4.24679277485422,4.51980018731458,0.000582778869326136,0.0213685585419583,0.01809681752118,"2318/22998/1627/6876/4131/1264/6525/57591",8,"Upres_DEq_MS_CM_vs_DM"
"GO:0008307","GO:0008307","structural constituent of muscle","3/79","43/18662",0.0697674418604651,16.4810126582278,6.62641308901104,0.000797588688131077,0.0250670730555481,0.0212290523006317,"3880/10398/6525",3,"Upres_DEq_MS_CM_vs_DM"
"GO:0032036","GO:0032036","myosin heavy chain binding","2/79","13/18662",0.153846153846154,36.3427458617332,8.31126783990923,0.00133900781833146,0.0368227150041151,0.0311847873479826,"22998/10398",2,"Upres_DEq_MS_CM_vs_DM"
