"","ID","Description","GeneRatio","BgRatio","RichFactor","FoldEnrichment","zScore","pvalue","p.adjust","qvalue","geneID","Count","name"
"GO:0050918","GO:0050918","positive chemotaxis","3/24","72/18860",0.0416666666666667,32.7430555555556,9.63263960406918,0.000101933226121369,0.0471370225097979,0.0362877313901036,"6275/10457/10584",3,"Downres_DEq_MS_C_vs_BM1"
"GO:0045725","GO:0045725","positive regulation of glycogen biosynthetic process","2/24","17/18860",0.117647058823529,92.4509803921569,13.4650637065361,0.000208617710120318,0.0471370225097979,0.0362877313901036,"2645/648791",2,"Downres_DEq_MS_C_vs_BM1"
"GO:0019373","GO:0019373","epoxygenase P450 pathway","2/24","18/18860",0.111111111111111,87.3148148148148,13.077619770022,0.00023451254979999,0.0471370225097979,0.0362877313901036,"1549/1548",2,"Downres_DEq_MS_C_vs_BM1"
"GO:0070875","GO:0070875","positive regulation of glycogen metabolic process","2/24","21/18860",0.0952380952380952,74.8412698412698,12.0851067547575,0.000321130271675993,0.0484103884551559,0.0372680131076613,"2645/648791",2,"Downres_DEq_MS_C_vs_BM1"
