"","ID","Description","GeneRatio","BgRatio","RichFactor","FoldEnrichment","zScore","pvalue","p.adjust","qvalue","geneID","Count","name"
"GO:0032543","GO:0032543","mitochondrial translation","6/40","131/18860",0.0458015267175573,21.5954198473282,10.9050715413102,3.16507682311208e-07,0.000225036962123269,0.000194568933126048,"65008/84545/65003/118487/54460/51650",6,"Upres_DEq_MS_BT_vs_B1"
"GO:0140053","GO:0140053","mitochondrial gene expression","6/40","170/18860",0.0352941176470588,16.6411764705882,9.44427756336423,1.46183556192332e-06,0.00051968254226374,0.000449322088506957,"65008/84545/65003/118487/54460/51650",6,"Upres_DEq_MS_BT_vs_B1"
