"ID","Description","GeneRatio","BgRatio","RichFactor","FoldEnrichment","zScore","pvalue","p.adjust","qvalue","geneID","Count","name"
"R-HSA-9615017","FOXO-mediated transcription of oxidative stress, metabolic and neuronal genes","2/11","23/10173",0.0869565217391304,80.4189723320158,12.5448387408523,0.000265629388987337,0.0164690221172149,0.00950673602691523,"5105/2645",2,"Down_C_vs_BM2"
"R-HSA-9614085","FOXO-mediated transcription","2/11","52/10173",0.0384615384615385,35.5699300699301,8.22239589382546,0.00136857115363101,0.0424257057625612,0.0244902206439233,"5105/2645",2,"Down_C_vs_BM2"
"R-HSA-211897","Cytochrome P450 - arranged by substrate type","2/11","65/10173",0.0307692307692308,28.4559440559441,7.30584351905042,0.00213037372350194,0.0437950048909882,0.0252806479846112,"1549/1581",2,"Down_C_vs_BM2"
"R-HSA-70326","Glucose metabolism","2/11","75/10173",0.0266666666666667,24.6618181818182,6.76660747957465,0.00282548418651537,0.0437950048909882,0.0252806479846112,"5105/2645",2,"Down_C_vs_BM2"
"R-HSA-1989781","PPARA activates gene expression","2/11","96/10173",0.0208333333333333,19.2670454545455,5.91627318927432,0.00458578296372357,0.0474824303323225,0.0274092127555003,"123/1581",2,"Down_C_vs_BM2"
"R-HSA-400206","Regulation of lipid metabolism by PPARalpha","2/11","97/10173",0.0206185567010309,19.0684161199625,5.88263353889599,0.0046795638994433,0.0474824303323225,0.0274092127555003,"123/1581",2,"Down_C_vs_BM2"
"R-HSA-211945","Phase I - Functionalization of compounds","2/11","104/10173",0.0192307692307692,17.784965034965,5.66048785817276,0.00536091955364932,0.0474824303323225,0.0274092127555003,"1549/1581",2,"Down_C_vs_BM2"
