"ID","Description","GeneRatio","BgRatio","RichFactor","FoldEnrichment","zScore","pvalue","p.adjust","qvalue","geneID","Count","name"
"R-HSA-3108214","SUMOylation of DNA damage response and repair proteins","6/45","64/10173",0.09375,21.19375,10.801907410913,3.28163763817033e-07,4.62710906982016e-05,4.45611847709445e-05,"286053/56160/23137/79677/197370/54780",6,"Up_BT_vs_BM1"
"R-HSA-3108232","SUMO E3 ligases SUMOylate target proteins","7/45","141/10173",0.049645390070922,11.2231678486998,8.14795969784852,2.47383210192508e-06,0.000153568914768439,0.000147893915678452,"286053/57591/56160/23137/79677/197370/54780",7,"Up_BT_vs_BM1"
"R-HSA-2990846","SUMOylation","7/45","147/10173",0.0476190476190476,10.7650793650794,7.94910403441664,3.26742371847743e-06,0.000153568914768439,0.000147893915678452,"286053/57591/56160/23137/79677/197370/54780",7,"Up_BT_vs_BM1"
