"ID","Description","GeneRatio","BgRatio","RichFactor","FoldEnrichment","zScore","pvalue","p.adjust","qvalue","geneID","Count","name"
"R-HSA-5661231","Metallothioneins bind metals","2/12","11/10173",0.181818181818182,154.136363636364,17.4626701416259,6.97458726869907e-05,0.00270031719541853,0.00149111562128374,"MT1G/MT2A",2,"Down_DM_vs_res_DEq_MS_B1"
"R-HSA-5660526","Response to metal ions","2/12","14/10173",0.142857142857143,121.107142857143,15.4537167112673,0.000115170969162195,0.00270031719541853,0.00149111562128374,"MT1G/MT2A",2,"Down_DM_vs_res_DEq_MS_B1"
"R-HSA-1614558","Degradation of cysteine and homocysteine","2/12","15/10173",0.133333333333333,113.033333333333,14.9215643482168,0.000132802485020583,0.00270031719541853,0.00149111562128374,"FMO1/CDO1",2,"Down_DM_vs_res_DEq_MS_B1"
"R-HSA-1614635","Sulfur amino acid metabolism","2/12","28/10173",0.0714285714285714,60.5535714285714,10.8439217321711,0.000474031807761193,0.0072289850683582,0.00399184680219952,"FMO1/CDO1",2,"Down_DM_vs_res_DEq_MS_B1"
"R-HSA-70171","Glycolysis","2/12","64/10173",0.03125,26.4921875,7.03021433655066,0.00246921549117188,0.030124428992297,0.0166347148878948,"ALDOC/PFKP",2,"Down_DM_vs_res_DEq_MS_B1"
"R-HSA-70326","Glucose metabolism","2/12","75/10173",0.0266666666666667,22.6066666666667,6.45396035898453,0.00337443507644843,0.034306756610559,0.0189441969204122,"ALDOC/PFKP",2,"Down_DM_vs_res_DEq_MS_B1"
