"ID","Description","GeneRatio","BgRatio","RichFactor","FoldEnrichment","zScore","pvalue","p.adjust","qvalue","geneID","Count","name"
"R-HSA-70263","Gluconeogenesis","5/68","24/10173",0.208333333333333,31.1672794117647,12.13723088543,4.42733310773393e-07,9.65158617485996e-05,8.48183816429026e-05,"230/2023/2597/5232/2027",5,"Up_BT_vs_DM"
"R-HSA-70171","Glycolysis","6/68","64/10173",0.09375,14.0252757352941,8.57456876639881,3.94013211473654e-06,0.000429474400506283,0.000377423181516869,"5214/230/2023/2597/5232/2027",6,"Up_BT_vs_DM"
"R-HSA-70326","Glucose metabolism","6/68","75/10173",0.08,11.9682352941176,7.82058391190553,9.99029717292418e-06,0.000725961594565824,0.000637976872095509,"5214/230/2023/2597/5232/2027",6,"Up_BT_vs_DM"
"R-HSA-5661231","Metallothioneins bind metals","3/68","11/10173",0.272727272727273,40.8008021390374,10.8339803943921,4.53641105728847e-05,0.00247234402622222,0.00217270213796448,"4495/4494/4496",3,"Up_BT_vs_DM"
"R-HSA-5660526","Response to metal ions","3/68","14/10173",0.214285714285714,32.0577731092437,9.53890061149032,9.86468545158302e-05,0.0043010028568902,0.00377973210986971,"4495/4494/4496",3,"Up_BT_vs_DM"
"R-HSA-3108232","SUMO E3 ligases SUMOylate target proteins","6/68","141/10173",0.0425531914893617,6.36608260325407,5.26335449619397,0.00034437786437605,0.0125123957389965,0.0109959247923581,"57591/286053/23512/23137/56160/79677",6,"Up_BT_vs_DM"
"R-HSA-2990846","SUMOylation","6/68","147/10173",0.0408163265306122,6.1062424969988,5.11547216832874,0.000430494279198044,0.0134068218378819,0.0117819486938412,"57591/286053/23512/23137/56160/79677",6,"Up_BT_vs_DM"
"R-HSA-3108214","SUMOylation of DNA damage response and repair proteins","4/68","64/10173",0.0625,9.35018382352941,5.49694508292935,0.000858079197849779,0.0233826581414065,0.02054873868535,"286053/23137/56160/79677",4,"Up_BT_vs_DM"
"R-HSA-9861718","Regulation of pyruvate metabolism","3/68","32/10173",0.09375,14.0252757352941,6.05356202738474,0.00123333927927708,0.0298742180980448,0.02625353787467,"3939/5163/5165",3,"Up_BT_vs_DM"
