"","ID","Description","GeneRatio","BgRatio","RichFactor","FoldEnrichment","zScore","pvalue","p.adjust","qvalue","geneID","Count","name"
"R-HSA-114608","R-HSA-114608","Platelet degranulation","3/15","104/10173",0.0288461538461538,19.5634615384615,7.31184813774005,0.000431908532737852,0.0208198792420225,0.0161758460276365,"HRG/AHSG/TGFB2",3,"Upres_DEq_MS_DM_vs_D"
"R-HSA-76005","R-HSA-76005","Response to elevated platelet cytosolic Ca2+","3/15","109/10173",0.0275229357798165,18.6660550458716,7.12544866020618,0.000495711410524345,0.0208198792420225,0.0161758460276365,"HRG/AHSG/TGFB2",3,"Upres_DEq_MS_DM_vs_D"
