"","ID","Description","GeneRatio","BgRatio","RichFactor","FoldEnrichment","zScore","pvalue","p.adjust","qvalue","geneID","Count","name"
"R-HSA-9818564","R-HSA-9818564","Epigenetic regulation of gene expression by MLL3 and MLL4 complexes","3/12","127/10173",0.0236220472440945,20.0255905511811,7.41428016427814,0.00038499812991996,0.00654496820863932,0.00310700245198564,"PDK4/THRSP/PLIN2",3,"Downres_DEq_MS_B1_vs_C"
"R-HSA-9841922","R-HSA-9841922","MLL4 and MLL3 complexes regulate expression of PPARG target genes in adipogenesis and hepatic steatosis","3/12","127/10173",0.0236220472440945,20.0255905511811,7.41428016427814,0.00038499812991996,0.00654496820863932,0.00310700245198564,"PDK4/THRSP/PLIN2",3,"Downres_DEq_MS_B1_vs_C"
"R-HSA-9851695","R-HSA-9851695","Epigenetic regulation of adipogenesis genes by MLL3 and MLL4 complexes","3/12","127/10173",0.0236220472440945,20.0255905511811,7.41428016427814,0.00038499812991996,0.00654496820863932,0.00310700245198564,"PDK4/THRSP/PLIN2",3,"Downres_DEq_MS_B1_vs_C"
"R-HSA-9917777","R-HSA-9917777","Epigenetic regulation by WDR5-containing histone modifying complexes","3/12","151/10173",0.0198675496688742,16.8427152317881,6.74010191624262,0.000639259266285522,0.00815055564514041,0.00386920082225448,"PDK4/THRSP/PLIN2",3,"Downres_DEq_MS_B1_vs_C"
"R-HSA-212165","R-HSA-212165","Epigenetic regulation of gene expression","3/12","276/10173",0.0108695652173913,9.21467391304348,4.75465114294351,0.00362344018581027,0.0369590898952648,0.0175450787944497,"PDK4/THRSP/PLIN2",3,"Downres_DEq_MS_B1_vs_C"
