"ID","Description","GeneRatio","BgRatio","RichFactor","FoldEnrichment","zScore","pvalue","p.adjust","qvalue","geneID","Count","name"
"R-HSA-5619115","Disorders of transmembrane transporters","4/19","149/10173",0.0268456375838926,14.3737195337337,7.11354712766085,0.000144356583245123,0.0150130846574928,0.0117004809577626,"2645/8647/5244/28234",4,"Down_C_vs_DM"
"R-HSA-159418","Recycling of bile acids and salts","2/19","16/10173",0.125,66.9276315789474,11.4157943344868,0.00039045962676203,0.0203039005916256,0.0158238901371981,"8647/28234",2,"Down_C_vs_DM"
