"ID","Description","GeneRatio","BgRatio","RichFactor","FoldEnrichment","zScore","pvalue","p.adjust","qvalue","geneID","Count","name"
"R-HSA-211999","CYP2E1 reactions","2/10","11/10173",0.181818181818182,184.963636363636,19.1483318685564,4.76101591227522e-05,0.00314227050210165,0.00195452232188141,"CYP2A7/CYP2A6",2,"Up_res_DEq_MS_BM1_vs_C"
"R-HSA-211981","Xenobiotics","2/10","25/10173",0.08,81.384,12.6223901964464,0.000257791594458378,0.00850712261712646,0.00529151167572459,"CYP2A7/CYP2A6",2,"Up_res_DEq_MS_BM1_vs_C"
"R-HSA-211897","Cytochrome P450 - arranged by substrate type","2/10","65/10173",0.0307692307692308,31.3015384615385,7.68742609499681,0.0017502346088009,0.0385051613936199,0.0239505788572755,"CYP2A7/CYP2A6",2,"Up_res_DEq_MS_BM1_vs_C"
"R-HSA-1989781","PPARA activates gene expression","2/10","96/10173",0.0208333333333333,21.19375,6.23561331256591,0.00377513269032325,0.0485709983980649,0.0302116257978394,"PLIN2/ESRRA",2,"Up_res_DEq_MS_BM1_vs_C"
"R-HSA-400206","Regulation of lipid metabolism by PPARalpha","2/10","97/10173",0.0206185567010309,20.9752577319588,6.20049543673962,0.00385258655718745,0.0485709983980649,0.0302116257978394,"PLIN2/ESRRA",2,"Up_res_DEq_MS_BM1_vs_C"
"R-HSA-211945","Phase I - Functionalization of compounds","2/10","104/10173",0.0192307692307692,19.5634615384615,5.96863023726741,0.00441554530891499,0.0485709983980649,0.0302116257978394,"CYP2A7/CYP2A6",2,"Up_res_DEq_MS_BM1_vs_C"
