"ID","Description","GeneRatio","BgRatio","RichFactor","FoldEnrichment","zScore","pvalue","p.adjust","qvalue","geneID","Count","name"
"R-HSA-9818564","Epigenetic regulation of gene expression by MLL3 and MLL4 complexes","3/17","127/10173",0.0236220472440945,14.1357109773043,6.0943185083622,0.00113688461425144,0.0276641922801184,0.016355182169933,"5166/7069/123",3,"Up_B1_vs_C"
"R-HSA-9841922","MLL4 and MLL3 complexes regulate expression of PPARG target genes in adipogenesis and hepatic steatosis","3/17","127/10173",0.0236220472440945,14.1357109773043,6.0943185083622,0.00113688461425144,0.0276641922801184,0.016355182169933,"5166/7069/123",3,"Up_B1_vs_C"
"R-HSA-9851695","Epigenetic regulation of adipogenesis genes by MLL3 and MLL4 complexes","3/17","127/10173",0.0236220472440945,14.1357109773043,6.0943185083622,0.00113688461425144,0.0276641922801184,0.016355182169933,"5166/7069/123",3,"Up_B1_vs_C"
"R-HSA-9917777","Epigenetic regulation by WDR5-containing histone modifying complexes","3/17","151/10173",0.0198675496688742,11.8889754577328,5.51524213218942,0.00187114982629104,0.0341484843298115,0.0201887218099823,"5166/7069/123",3,"Up_B1_vs_C"
