"ID","Description","GeneRatio","BgRatio","RichFactor","FoldEnrichment","zScore","pvalue","p.adjust","qvalue","geneID","Count","name"
"R-HSA-3108214","SUMOylation of DNA damage response and repair proteins","3/23","64/10173",0.046875,20.7330163043478,7.53812675776128,0.000384444662366397,0.037125015845118,0.0212056394056161,"23137/56160/286053",3,"Down_DM_vs_B2"
"R-HSA-8963898","Plasma lipoprotein assembly","2/23","16/10173",0.125,55.2880434782609,10.3446434851298,0.000575581641009581,0.037125015845118,0.0212056394056161,"345/344",2,"Down_DM_vs_B2"
