"","ID","Description","GeneRatio","BgRatio","RichFactor","FoldEnrichment","zScore","pvalue","p.adjust","qvalue","geneID","Count","name"
"R-HSA-3108214","R-HSA-3108214","SUMOylation of DNA damage response and repair proteins","1/2","64/10173",0.015625,79.4765625,8.8310472122748,0.0125433616213781,0.0368905199196639,0.00431468069235835,"NSMCE1",1,"Downres_DEq_MS_B2_vs_BM2"
"R-HSA-8957275","R-HSA-8957275","Post-translational protein phosphorylation","1/2","91/10173",0.010989010989011,55.8956043956044,7.37600609683629,0.0178113485308175,0.0368905199196639,0.00431468069235835,"AHSG",1,"Downres_DEq_MS_B2_vs_BM2"
"R-HSA-114608","R-HSA-114608","Platelet degranulation","1/2","104/10173",0.00961538461538462,48.9086538461538,6.88610774526071,0.0203427615349226,0.0368905199196639,0.00431468069235835,"AHSG",1,"Downres_DEq_MS_B2_vs_BM2"
"R-HSA-381426","R-HSA-381426","Regulation of Insulin-like Growth Factor (IGF) transport and uptake by Insulin-like Growth Factor Binding Proteins (IGFBPs)","1/2","108/10173",0.00925925925925926,47.0972222222222,6.75330074395149,0.0211210007105154,0.0368905199196639,0.00431468069235835,"AHSG",1,"Downres_DEq_MS_B2_vs_BM2"
"R-HSA-76005","R-HSA-76005","Response to elevated platelet cytosolic Ca2+","1/2","109/10173",0.00917431192660551,46.6651376146789,6.72123456433169,0.0213155121857844,0.0368905199196639,0.00431468069235835,"AHSG",1,"Downres_DEq_MS_B2_vs_BM2"
"R-HSA-3108232","R-HSA-3108232","SUMO E3 ligases SUMOylate target proteins","1/2","141/10173",0.00709219858156028,36.0744680851064,5.88089241582152,0.0275296744998123,0.0368905199196639,0.00431468069235835,"NSMCE1",1,"Downres_DEq_MS_B2_vs_BM2"
"R-HSA-2990846","R-HSA-2990846","SUMOylation","1/2","147/10173",0.00680272108843537,34.6020408163265,5.75435722108974,0.028692626604183,0.0368905199196639,0.00431468069235835,"NSMCE1",1,"Downres_DEq_MS_B2_vs_BM2"
"R-HSA-76002","R-HSA-76002","Platelet activation, signaling and aggregation","1/2","213/10173",0.00469483568075117,23.8802816901408,4.73214284588195,0.0414391777267042,0.0466190749425423,0.00545252338509266,"AHSG",1,"Downres_DEq_MS_B2_vs_BM2"
