"ID","Description","GeneRatio","BgRatio","RichFactor","FoldEnrichment","zScore","pvalue","p.adjust","qvalue","geneID","Count","name"
"R-HSA-9818564","Epigenetic regulation of gene expression by MLL3 and MLL4 complexes","3/17","127/10173",0.0236220472440945,14.1357109773043,6.0943185083622,0.00113688461425144,0.0257693845896994,0.0151584615233526,"PDK4/THRSP/PLIN2",3,"Down_C_vs_res_DEq_MS_B1"
"R-HSA-9841922","MLL4 and MLL3 complexes regulate expression of PPARG target genes in adipogenesis and hepatic steatosis","3/17","127/10173",0.0236220472440945,14.1357109773043,6.0943185083622,0.00113688461425144,0.0257693845896994,0.0151584615233526,"PDK4/THRSP/PLIN2",3,"Down_C_vs_res_DEq_MS_B1"
"R-HSA-9851695","Epigenetic regulation of adipogenesis genes by MLL3 and MLL4 complexes","3/17","127/10173",0.0236220472440945,14.1357109773043,6.0943185083622,0.00113688461425144,0.0257693845896994,0.0151584615233526,"PDK4/THRSP/PLIN2",3,"Down_C_vs_res_DEq_MS_B1"
"R-HSA-9917777","Epigenetic regulation by WDR5-containing histone modifying complexes","3/17","151/10173",0.0198675496688742,11.8889754577328,5.51524213218942,0.00187114982629104,0.0318095470469477,0.0187114982629104,"PDK4/THRSP/PLIN2",3,"Down_C_vs_res_DEq_MS_B1"
