"ID","Description","GeneRatio","BgRatio","RichFactor","FoldEnrichment","zScore","pvalue","p.adjust","qvalue","geneID","Count","name"
"R-HSA-3108214","SUMOylation of DNA damage response and repair proteins","3/4","64/10173",0.046875,119.21484375,18.8149014984902,9.45790748991873e-07,8.51211674092686e-06,1.99113841893026e-06,"23137/197370/286053",3,"Down_BM2_vs_B2"
"R-HSA-3108232","SUMO E3 ligases SUMOylate target proteins","3/4","141/10173",0.0212765957446809,54.1117021276596,12.595054824939,1.03219187118682e-05,3.51045773466997e-05,8.21159704016367e-06,"23137/197370/286053",3,"Down_BM2_vs_B2"
"R-HSA-2990846","SUMOylation","3/4","147/10173",0.0204081632653061,51.9030612244898,12.3291394813501,1.17015257822332e-05,3.51045773466997e-05,8.21159704016367e-06,"23137/197370/286053",3,"Down_BM2_vs_B2"
