"ID","Description","GeneRatio","BgRatio","RichFactor","FoldEnrichment","zScore","pvalue","p.adjust","qvalue","geneID","Count","name"
"R-HSA-1614558","Degradation of cysteine and homocysteine","2/17","15/10173",0.133333333333333,79.7882352941177,12.4930704448198,0.000272490157251237,0.027521505882375,0.021512380835624,"2326/1036",2,"Down_DM_vs_B1"
"R-HSA-1614635","Sulfur amino acid metabolism","2/17","28/10173",0.0714285714285714,42.7436974789916,9.04920016419277,0.000968511859944809,0.0326065659514752,0.0254871542090739,"2326/1036",2,"Down_DM_vs_B1"
"R-HSA-8964043","Plasma lipoprotein clearance","2/17","28/10173",0.0714285714285714,42.7436974789916,9.04920016419277,0.000968511859944809,0.0326065659514752,0.0254871542090739,"7436/341",2,"Down_DM_vs_B1"
