"ID","Description","GeneRatio","BgRatio","RichFactor","FoldEnrichment","zScore","pvalue","p.adjust","qvalue","geneID","Count","name"
"R-HSA-9035034","RHOF GTPase cycle","1/1","36/10173",0.0277777777777778,282.583333333333,16.7804449682758,0.00353877912120326,0.00678265998230604,NA,"AKAP12",1,"Up_res_DEq_MS_B1_vs_BM2"
"R-HSA-9013405","RHOD GTPase cycle","1/1","46/10173",0.0217391304347826,221.152173913043,14.8375258689932,0.00452177332153736,0.00678265998230604,NA,"AKAP12",1,"Up_res_DEq_MS_B1_vs_BM2"
"R-HSA-9012999","RHO GTPase cycle","1/1","380/10173",0.00263157894736842,26.7710526315789,5.07651973615576,0.0373537796127005,0.0373537796127005,NA,"AKAP12",1,"Up_res_DEq_MS_B1_vs_BM2"
