"","ID","Description","GeneRatio","BgRatio","RichFactor","FoldEnrichment","zScore","pvalue","p.adjust","qvalue","geneID","Count","name"
"R-HSA-166658","R-HSA-166658","Complement cascade","3/11","48/10173",0.0625,57.8011363636364,12.9774704926987,1.58423108330507e-05,0.000760430919986432,0.00038355068332649,"CRP/C8A/CFHR3",3,"Upres_DEq_MS_CM_vs_BM1"
"R-HSA-977606","R-HSA-977606","Regulation of Complement cascade","2/11","42/10173",0.0476190476190476,44.038961038961,9.19539076164106,0.00089390148292632,0.0214536355902317,0.0108209126880554,"C8A/CFHR3",2,"Upres_DEq_MS_CM_vs_BM1"
