"ID","Description","GeneRatio","BgRatio","RichFactor","FoldEnrichment","zScore","pvalue","p.adjust","qvalue","geneID","Count","name"
"R-HSA-166658","Complement cascade","4/20","48/10173",0.0833333333333333,42.3875,12.7559637677754,1.99976991549739e-06,0.000207976071211729,0.000145246446494021,"713/10878/1401/731",4,"Up_BM1_vs_CM"
"R-HSA-977606","Regulation of Complement cascade","3/20","42/10173",0.0714285714285714,36.3321428571429,10.1833212784807,7.10450073895052e-05,0.00369434038425427,0.00258005553151361,"713/10878/731",3,"Up_BM1_vs_CM"
"R-HSA-211999","CYP2E1 reactions","2/20","11/10173",0.181818181818182,92.4818181818182,13.4729443308504,0.000199837971737453,0.00682842977786284,0.0047688426586289,"1548/1558",2,"Up_BM1_vs_CM"
"R-HSA-211897","Cytochrome P450 - arranged by substrate type","3/20","65/10173",0.0461538461538462,23.4761538461538,8.06802134096771,0.000262631914533186,0.00682842977786284,0.0047688426586289,"1548/1558/1581",3,"Up_BM1_vs_CM"
"R-HSA-166663","Initial triggering of complement","2/20","17/10173",0.117647058823529,59.8411764705882,10.7761950240893,0.000490660051488315,0.010205729070957,0.00712748285319869,"713/1401",2,"Up_BM1_vs_CM"
"R-HSA-1989781","PPARA activates gene expression","3/20","96/10173",0.03125,15.8953125,6.50789574120546,0.000826334609439828,0.0123896201010037,0.0086526699085957,"123/2101/1581",3,"Up_BM1_vs_CM"
"R-HSA-400206","Regulation of lipid metabolism by PPARalpha","3/20","97/10173",0.0309278350515464,15.7314432989691,6.47005640383738,0.000851638666317977,0.0123896201010037,0.0086526699085957,"123/2101/1581",3,"Up_BM1_vs_CM"
"R-HSA-211945","Phase I - Functionalization of compounds","3/20","104/10173",0.0288461538461538,14.6725961538462,6.22007277516457,0.00104267391894151,0.0123896201010037,0.0086526699085957,"1548/1558/1581",3,"Up_BM1_vs_CM"
"R-HSA-211981","Xenobiotics","2/20","25/10173",0.08,40.692,8.81868313565242,0.00107217866258686,0.0123896201010037,0.0086526699085957,"1548/1558",2,"Up_BM1_vs_CM"
