"ID","Description","GeneRatio","BgRatio","RichFactor","FoldEnrichment","zScore","pvalue","p.adjust","qvalue","geneID","Count","name"
"R-HSA-3108214","SUMOylation of DNA damage response and repair proteins","6/47","64/10173",0.09375,20.2918882978723,10.5473600257153,4.28398578727785e-07,6.81153740177178e-05,6.44852597453403e-05,"286053/23137/79677/197370/56160/54780",6,"Down_BM2_vs_BT"
"R-HSA-3108232","SUMO E3 ligases SUMOylate target proteins","7/47","141/10173",0.049645390070922,10.7455862381168,7.93883739393587,3.35016907956258e-06,0.00023427693385769,0.00022179146998775,"286053/57591/23137/79677/197370/56160/54780",7,"Down_BM2_vs_BT"
"R-HSA-2990846","SUMOylation","7/47","147/10173",0.0476190476190476,10.306990881459,7.74349903993705,4.42031950674887e-06,0.00023427693385769,0.00022179146998775,"286053/57591/23137/79677/197370/56160/54780",7,"Down_BM2_vs_BT"
"R-HSA-5661231","Metallothioneins bind metals","3/47","11/10173",0.272727272727273,59.0309477756286,13.118964416925,1.4860949023394e-05,0.000590722723679912,0.00055924097640667,"4494/4495/4496",3,"Down_BM2_vs_BT"
"R-HSA-5660526","Response to metal ions","3/47","14/10173",0.214285714285714,46.3814589665653,11.5757765462194,3.24664485639034e-05,0.00103243306433213,0.000977410977818564,"4494/4495/4496",3,"Down_BM2_vs_BT"
