"ID","Description","GeneRatio","BgRatio","RichFactor","FoldEnrichment","zScore","pvalue","p.adjust","qvalue","geneID","Count","name"
"R-HSA-166658","Complement cascade","4/32","48/10173",0.0833333333333333,26.4921875,9.94415718402906,1.42383612787187e-05,0.00183674860495471,0.00140884837915743,"713/731/10878/1401",4,"Down_CM_vs_DM"
"R-HSA-5619115","Disorders of transmembrane transporters","5/32","149/10173",0.0335570469798658,10.667994966443,6.67800583809914,9.22462504078659e-05,0.00594988315130735,0.00456376186228389,"2646/2645/5244/8647/28234",5,"Down_CM_vs_DM"
"R-HSA-977606","Regulation of Complement cascade","3/32","42/10173",0.0714285714285714,22.7075892857143,7.91858999902878,0.00029863384026711,0.0128412551314857,0.00984967753863449,"713/731/10878",3,"Down_CM_vs_DM"
"R-HSA-2168880","Scavenging of heme from plasma","2/32","11/10173",0.181818181818182,57.8011363636364,10.5876980001508,0.000518001307807298,0.0167055421767854,0.012813716561549,"3043/9332",2,"Down_CM_vs_DM"
"R-HSA-159418","Recycling of bile acids and salts","2/32","16/10173",0.125,39.73828125,8.71074673035359,0.00111913749048213,0.0272161582470232,0.0208757150160765,"8647/28234",2,"Down_CM_vs_DM"
"R-HSA-166663","Initial triggering of complement","2/32","17/10173",0.117647058823529,37.4007352941176,8.43744674358407,0.00126586782544294,0.0272161582470232,0.0208757150160765,"713/1401",2,"Down_CM_vs_DM"
"R-HSA-5619102","SLC transporter disorders","3/32","89/10173",0.0337078651685393,10.715941011236,5.17131779865374,0.00267252342517123,0.0492507888352983,0.0377770228520444,"2646/2645/28234",3,"Down_CM_vs_DM"
"R-HSA-170822","Regulation of Glucokinase by Glucokinase Regulatory Protein","2/32","28/10173",0.0714285714285714,22.7075892857143,6.46103895554199,0.00344326914109579,0.0493535243557064,0.0378558244752052,"2646/2645",2,"Down_CM_vs_DM"
"R-HSA-5619107","Defective TPR may confer susceptibility towards thyroid papillary carcinoma (TPC)","2/32","28/10173",0.0714285714285714,22.7075892857143,6.46103895554199,0.00344326914109579,0.0493535243557064,0.0378558244752052,"2646/2645",2,"Down_CM_vs_DM"
