"ID","Description","GeneRatio","BgRatio","RichFactor","FoldEnrichment","zScore","pvalue","p.adjust","qvalue","geneID","Count","name"
"R-HSA-3108214","SUMOylation of DNA damage response and repair proteins","6/41","64/10173",0.09375,23.2614329268293,11.3641384964494,1.84743661600849e-07,2.54946253009171e-05,2.46973105508503e-05,"NSMCE2/NSMCE3/SMC5/SMC6/NSMCE1/NSMCE4A",6,"Up_BT_vs_res_DEq_MS_BM1"
"R-HSA-3108232","SUMO E3 ligases SUMOylate target proteins","7/41","141/10173",0.049645390070922,12.318111053451,8.60869376541518,1.28356923359163e-06,7.81465684694192e-05,7.5702625443297e-05,"NSMCE2/MRTFA/NSMCE3/SMC5/SMC6/NSMCE1/NSMCE4A",7,"Up_BT_vs_res_DEq_MS_BM1"
"R-HSA-2990846","SUMOylation","7/41","147/10173",0.0476190476190476,11.815331010453,8.40198973558801,1.69883844498737e-06,7.81465684694192e-05,7.5702625443297e-05,"NSMCE2/MRTFA/NSMCE3/SMC5/SMC6/NSMCE1/NSMCE4A",7,"Up_BT_vs_res_DEq_MS_BM1"
