"ID","Description","GeneRatio","BgRatio","RichFactor","FoldEnrichment","zScore","pvalue","p.adjust","qvalue","geneID","Count","name"
"R-HSA-211999","CYP2E1 reactions","2/12","11/10173",0.181818181818182,154.136363636364,17.4626701416259,6.97458726869907e-05,0.00516119457883731,0.00337716857221218,"1549/1548",2,"Up_BM1_vs_C"
"R-HSA-211981","Xenobiotics","2/12","25/10173",0.08,67.82,11.4950752719209,0.000376956319579172,0.0139473838244294,0.00912631089507469,"1549/1548",2,"Up_BM1_vs_C"
