"ID","Description","GeneRatio","BgRatio","RichFactor","FoldEnrichment","zScore","pvalue","p.adjust","qvalue","geneID","Count","name"
"R-HSA-3108214","SUMOylation of DNA damage response and repair proteins","3/25","64/10173",0.046875,19.074375,7.19916501205296,0.000494817631938206,0.0414979570104462,0.0283933390071474,"23137/286053/56160",3,"Down_C_vs_B2"
"R-HSA-9615017","FOXO-mediated transcription of oxidative stress, metabolic and neuronal genes","2/25","23/10173",0.0869565217391304,35.384347826087,8.19359774779687,0.0014212574963013,0.0414979570104462,0.0283933390071474,"2645/5105",2,"Down_C_vs_B2"
"R-HSA-1989781","PPARA activates gene expression","3/25","96/10173",0.03125,12.71625,5.72455283529548,0.00161118661529232,0.0414979570104462,0.0283933390071474,"123/5244/1581",3,"Down_C_vs_B2"
"R-HSA-400206","Regulation of lipid metabolism by PPARalpha","3/25","97/10173",0.0309278350515464,12.5851546391753,5.69018745297962,0.00165991828041785,0.0414979570104462,0.0283933390071474,"123/5244/1581",3,"Down_C_vs_B2"
